Cost Center,Type,Region ,Sub-Region,Cluster ,Office,Service Line Name  (group),Function,Sub Function,Cost Center Code,Cost Center Name,Case Group,Case Group Name,Case Code,Case Name,Cost Type,GL Account Name,GL Account,1,2,3,4,5,6,7,8,9,10,11,12
AIS Practice,Compensation,Corp/Other,Corp/Adj,WW Corp/Adj,Worldwide Corp,Business Services,PPK,AIS Practice,7515,I&D Practice,75150201,I&D Practice - General,,,Compensation,Bonus - Individual Performance,61020000,0,0,0,0,0,0,0,0,0,0,0,0
AIS Practice,Compensation,Corp/Other,Corp/Adj,WW Corp/Adj,Worldwide Corp,Business Services,PPK,AIS Practice,7515,I&D Practice,75150201,I&D Practice - General,,,Compensation,Bonus - Office Performance,61023000,0,0,0,0,0,0,0,0,0,0,0,0
AIS Practice,Compensation,Corp/Other,Corp/Adj,WW Corp/Adj,Worldwide Corp,Business Services,PPK,AIS Practice,7515,I&D Practice,75150201,I&D Practice - General,,,Compensation,Fringe Benefits Allocation,61200000,0,0,0,0,0,0,0,0,0,0,0,0
AIS Practice,Compensation,Corp/Other,Corp/Adj,WW Corp/Adj,Worldwide Corp,Business Services,PPK,AIS Practice,7515,I&D Practice,75150201,I&D Practice - General,,,Compensation,Wages,61010000,0,0,0,0,0,0,0,0,0,0,0,0
AIS Practice,Compensation,Corp/Other,Corp/Adj,WW Corp/Adj,Worldwide Corp,Business Services,PPK,AIS Practice,7545,AIS Practice,75450201,AIS Practice - General,,,Compensation,Bonus - Individual Performance,61020000,0,0,0,0,0,0,0,0,0,0,0,"68,884"
AIS Practice,Compensation,Corp/Other,Corp/Adj,WW Corp/Adj,Worldwide Corp,Business Services,PPK,AIS Practice,7545,AIS Practice,75450201,AIS Practice - General,,,Compensation,Bonus - Office Performance,61023000,0,0,0,0,0,0,0,0,0,0,0,"10,973"
AIS Practice,Compensation,Corp/Other,Corp/Adj,WW Corp/Adj,Worldwide Corp,Business Services,PPK,AIS Practice,7545,AIS Practice,75450201,AIS Practice - General,,,Compensation,Fringe Benefits Allocation,61200000,0,0,0,0,0,0,0,0,0,0,0,"89,450"
AIS Practice,Compensation,Corp/Other,Corp/Adj,WW Corp/Adj,Worldwide Corp,Business Services,PPK,AIS Practice,7545,AIS Practice,75450201,AIS Practice - General,,,Compensation,Vacation Expense,61107000,0,0,0,0,0,0,0,0,0,0,0,-481
AIS Practice,Compensation,Corp/Other,Corp/Adj,WW Corp/Adj,Worldwide Corp,Business Services,PPK,AIS Practice,7545,AIS Practice,75450201,AIS Practice - General,,,Compensation,Wages,61010000,0,0,0,0,0,0,0,0,0,0,0,"231,815"
AIS Practice,General,Corp/Other,Corp/Adj,WW Corp/Adj,Worldwide Corp,Business Services,PPK,AIS Practice,7545,AIS Practice,75450201,AIS Practice - General,,,Programs,Other Operating Expenses,66000000,0,0,0,0,0,0,0,0,0,0,0,"35,200"
AMS Practice,Compensation,Corp/Other,Corp/Adj,WW Corp/Adj,Worldwide Corp,Business Services,PPK,AMS Practice (L2),7940,AMS Practice,79400201,AMS Practice - General,,,Compensation,Bonus - Individual Performance,61020000,0,0,0,0,0,0,0,0,0,0,0,"77,180"
AMS Practice,Compensation,Corp/Other,Corp/Adj,WW Corp/Adj,Worldwide Corp,Business Services,PPK,AMS Practice (L2),7940,AMS Practice,79400201,AMS Practice - General,,,Compensation,Bonus - Office Performance,61023000,0,0,0,0,0,0,0,0,0,0,0,"14,743"
AMS Practice,Compensation,Corp/Other,Corp/Adj,WW Corp/Adj,Worldwide Corp,Business Services,PPK,AMS Practice (L2),7940,AMS Practice,79400201,AMS Practice - General,,,Compensation,Fringe Benefits Allocation,61200000,0,0,0,0,0,0,0,0,0,0,0,"98,872"
AMS Practice,Compensation,Corp/Other,Corp/Adj,WW Corp/Adj,Worldwide Corp,Business Services,PPK,AMS Practice (L2),7940,AMS Practice,79400201,AMS Practice - General,,,Compensation,Vacation Expense,61107000,0,0,0,0,0,0,0,0,0,0,0,-384
AMS Practice,Compensation,Corp/Other,Corp/Adj,WW Corp/Adj,Worldwide Corp,Business Services,PPK,AMS Practice (L2),7940,AMS Practice,79400201,AMS Practice - General,,,Compensation,Wages,61010000,0,0,0,0,0,0,0,0,0,0,0,"252,579"
AMS Practice,General,Corp/Other,Corp/Adj,WW Corp/Adj,Worldwide Corp,Business Services,PPK,AMS Practice (L2),7940,AMS Practice,79400201,AMS Practice - General,,,Programs,Other Operating Expenses,66000000,0,0,0,0,0,0,0,0,0,0,0,"61,050"
AMS Practice,Databases,Corp/Other,Corp/Adj,WW Corp/Adj,Worldwide Corp,Business Services,PPK,AMS Practice (L2),7940,AMS Practice,79400203,AMS Practice - DBs,,,Programs,Other Operating Expenses,66000000,0,0,0,0,0,0,0,0,0,0,0,"56,025"
AMS Practice,BCN,Corp/Other,Corp/Adj,WW Corp/Adj,Worldwide Corp,Business Services,PPK,AMS Practice (L2),7940,AMS Practice,79400204,AMS Practice - BCN,,,Programs,Other Operating Expenses,66000000,0,0,0,0,0,0,0,0,0,0,0,"42,000"
CP Practice,Compensation,Corp/Other,Corp/Adj,WW Corp/Adj,Worldwide Corp,Business Services,PPK,CP Practice (L2),7600,CP Practice,76000201,CP Practice - General,,,Compensation,Bonus - Individual Performance,61020000,0,0,0,0,0,0,0,0,0,0,0,"51,608"
CP Practice,Compensation,Corp/Other,Corp/Adj,WW Corp/Adj,Worldwide Corp,Business Services,PPK,CP Practice (L2),7600,CP Practice,76000201,CP Practice - General,,,Compensation,Bonus - Office Performance,61023000,0,0,0,0,0,0,0,0,0,0,0,"9,779"
CP Practice,Compensation,Corp/Other,Corp/Adj,WW Corp/Adj,Worldwide Corp,Business Services,PPK,CP Practice (L2),7600,CP Practice,76000201,CP Practice - General,,,Compensation,Fringe Benefits Allocation,61200000,0,0,0,0,0,0,0,0,0,0,0,"76,896"
CP Practice,Compensation,Corp/Other,Corp/Adj,WW Corp/Adj,Worldwide Corp,Business Services,PPK,CP Practice (L2),7600,CP Practice,76000201,CP Practice - General,,,Compensation,Vacation Expense,61107000,0,0,0,0,0,0,0,0,0,0,0,"-17,867"
CP Practice,Compensation,Corp/Other,Corp/Adj,WW Corp/Adj,Worldwide Corp,Business Services,PPK,CP Practice (L2),7600,CP Practice,76000201,CP Practice - General,,,Compensation,Wages,61010000,0,0,0,0,0,0,0,0,0,0,0,"206,542"
CP Practice,General,Corp/Other,Corp/Adj,WW Corp/Adj,Worldwide Corp,Business Services,PPK,CP Practice (L2),7600,CP Practice,76000201,CP Practice - General,,,Programs,Other Operating Expenses,66000000,0,0,0,0,0,0,0,0,0,0,0,"48,950"
CP Practice,Databases,Corp/Other,Corp/Adj,WW Corp/Adj,Worldwide Corp,Business Services,PPK,CP Practice (L2),7600,CP Practice,76000203,CP Practice - DBs,,,Programs,Other Operating Expenses,66000000,0,0,0,0,0,0,0,0,0,0,0,"199,042"
CP Practice,BCN,Corp/Other,Corp/Adj,WW Corp/Adj,Worldwide Corp,Business Services,PPK,CP Practice (L2),7600,CP Practice,76000204,CP Practice - BCN,,,Programs,Other Operating Expenses,66000000,0,0,0,0,0,0,0,0,0,0,0,"86,000"
Customer Practice,Compensation,Corp/Other,Corp/Adj,WW Corp/Adj,Worldwide Corp,Business Services,PPK,Customer Practice (L2),7540,Customer Practice,75400201,Customer Practice - General,,,Compensation,Bonus - Individual Performance,61020000,0,0,0,0,0,0,0,0,0,0,0,"84,782"
Customer Practice,Compensation,Corp/Other,Corp/Adj,WW Corp/Adj,Worldwide Corp,Business Services,PPK,Customer Practice (L2),7540,Customer Practice,75400201,Customer Practice - General,,,Compensation,Bonus - Office Performance,61023000,0,0,0,0,0,0,0,0,0,0,0,"12,424"
Customer Practice,Compensation,Corp/Other,Corp/Adj,WW Corp/Adj,Worldwide Corp,Business Services,PPK,Customer Practice (L2),7540,Customer Practice,75400201,Customer Practice - General,,,Compensation,Fringe Benefits Allocation,61200000,0,0,0,0,0,0,0,0,0,0,0,"131,494"
Customer Practice,Compensation,Corp/Other,Corp/Adj,WW Corp/Adj,Worldwide Corp,Business Services,PPK,Customer Practice (L2),7540,Customer Practice,75400201,Customer Practice - General,,,Compensation,Vacation Expense,61107000,0,0,0,0,0,0,0,0,0,0,0,"-39,095"
Customer Practice,Compensation,Corp/Other,Corp/Adj,WW Corp/Adj,Worldwide Corp,Business Services,PPK,Customer Practice (L2),7540,Customer Practice,75400201,Customer Practice - General,,,Compensation,Wages,61010000,0,0,0,0,0,0,0,0,0,0,0,"360,963"
Customer Practice,General,Corp/Other,Corp/Adj,WW Corp/Adj,Worldwide Corp,Business Services,PPK,Customer Practice (L2),7540,Customer Practice,75400201,Customer Practice - General,,,Programs,Other Operating Expenses,66000000,0,0,0,0,0,0,0,0,0,0,0,"72,190"
Customer Practice,BCN,Corp/Other,Corp/Adj,WW Corp/Adj,Worldwide Corp,Business Services,PPK,Customer Practice (L2),7540,Customer Practice,75400204,Customer Practice - BCN,,,Programs,Other Operating Expenses,66000000,0,0,0,0,0,0,0,0,0,0,0,"80,917"
ENR Practice,Compensation,Corp/Other,Corp/Adj,WW Corp/Adj,Worldwide Corp,Business Services,PPK,ENR Practice (L2),7930,ENR Practice,79300201,ENR Practice - General,,,Compensation,Bonus - Individual Performance,61020000,0,0,0,0,0,0,0,0,0,0,0,"56,985"
ENR Practice,Compensation,Corp/Other,Corp/Adj,WW Corp/Adj,Worldwide Corp,Business Services,PPK,ENR Practice (L2),7930,ENR Practice,79300201,ENR Practice - General,,,Compensation,Bonus - Office Performance,61023000,0,0,0,0,0,0,0,0,0,0,0,"9,668"
ENR Practice,Compensation,Corp/Other,Corp/Adj,WW Corp/Adj,Worldwide Corp,Business Services,PPK,ENR Practice (L2),7930,ENR Practice,79300201,ENR Practice - General,,,Compensation,Fringe Benefits Allocation,61200000,0,0,0,0,0,0,0,0,0,0,0,"81,031"
ENR Practice,Compensation,Corp/Other,Corp/Adj,WW Corp/Adj,Worldwide Corp,Business Services,PPK,ENR Practice (L2),7930,ENR Practice,79300201,ENR Practice - General,,,Compensation,Vacation Expense,61107000,0,0,0,0,0,0,0,0,0,0,0,"-9,262"
ENR Practice,Compensation,Corp/Other,Corp/Adj,WW Corp/Adj,Worldwide Corp,Business Services,PPK,ENR Practice (L2),7930,ENR Practice,79300201,ENR Practice - General,,,Compensation,Wages,61010000,0,0,0,0,0,0,0,0,0,0,0,"215,685"
ENR Practice,General,Corp/Other,Corp/Adj,WW Corp/Adj,Worldwide Corp,Business Services,PPK,ENR Practice (L2),7930,ENR Practice,79300201,ENR Practice - General,,,Programs,Other Operating Expenses,66000000,0,0,0,0,0,0,0,0,0,0,0,"33,000"
ENR Practice,Databases,Corp/Other,Corp/Adj,WW Corp/Adj,Worldwide Corp,Business Services,PPK,ENR Practice (L2),7930,ENR Practice,79300203,ENR Practice - DBs,,,Programs,Other Operating Expenses,66000000,0,0,0,0,0,0,0,0,0,0,0,"184,946"
ENR Practice,BCN,Corp/Other,Corp/Adj,WW Corp/Adj,Worldwide Corp,Business Services,PPK,ENR Practice (L2),7930,ENR Practice,79300204,ENR Practice - BCN,,,Programs,Other Operating Expenses,66000000,0,0,0,0,0,0,0,0,0,0,0,"20,000"
ET Practice,Compensation,Corp/Other,Corp/Adj,WW Corp/Adj,Worldwide Corp,Business Services,PPK,ET Practice (L2),7500,ET Practice,75000201,ET Practice - General,,,Compensation,Bonus - Individual Performance,61020000,0,0,0,0,0,0,0,0,0,0,0,"39,820"
ET Practice,Compensation,Corp/Other,Corp/Adj,WW Corp/Adj,Worldwide Corp,Business Services,PPK,ET Practice (L2),7500,ET Practice,75000201,ET Practice - General,,,Compensation,Bonus - Office Performance,61023000,0,0,0,0,0,0,0,0,0,0,0,"5,911"
ET Practice,Compensation,Corp/Other,Corp/Adj,WW Corp/Adj,Worldwide Corp,Business Services,PPK,ET Practice (L2),7500,ET Practice,75000201,ET Practice - General,,,Compensation,Fringe Benefits Allocation,61200000,0,0,0,0,0,0,0,0,0,0,0,"57,889"
ET Practice,Compensation,Corp/Other,Corp/Adj,WW Corp/Adj,Worldwide Corp,Business Services,PPK,ET Practice (L2),7500,ET Practice,75000201,ET Practice - General,,,Compensation,Vacation Expense,61107000,0,0,0,0,0,0,0,0,0,0,0,-282
ET Practice,Compensation,Corp/Other,Corp/Adj,WW Corp/Adj,Worldwide Corp,Business Services,PPK,ET Practice (L2),7500,ET Practice,75000201,ET Practice - General,,,Compensation,Wages,61010000,0,0,0,0,0,0,0,0,0,0,0,"155,973"
ET Practice,General,Corp/Other,Corp/Adj,WW Corp/Adj,Worldwide Corp,Business Services,PPK,ET Practice (L2),7500,ET Practice,75000201,ET Practice - General,,,Programs,Other Operating Expenses,66000000,0,0,0,0,0,0,0,0,0,0,0,"66,000"
ET Practice,BCN,Corp/Other,Corp/Adj,WW Corp/Adj,Worldwide Corp,Business Services,PPK,ET Practice (L2),7500,ET Practice,75000204,ET Practice - BCN,,,Programs,Other Operating Expenses,66000000,0,0,0,0,0,0,0,0,0,0,0,"17,500"
FS Practice,Compensation,Corp/Other,Corp/Adj,WW Corp/Adj,Worldwide Corp,Business Services,PPK,FS Practice (L2),7650,FS Practice,76500201,FS Practice - General,,,Compensation,Bonus - Individual Performance,61020000,0,0,0,0,0,0,0,0,0,0,0,"53,783"
FS Practice,Compensation,Corp/Other,Corp/Adj,WW Corp/Adj,Worldwide Corp,Business Services,PPK,FS Practice (L2),7650,FS Practice,76500201,FS Practice - General,,,Compensation,Bonus - Office Performance,61023000,0,0,0,0,0,0,0,0,0,0,0,"9,085"
FS Practice,Compensation,Corp/Other,Corp/Adj,WW Corp/Adj,Worldwide Corp,Business Services,PPK,FS Practice (L2),7650,FS Practice,76500201,FS Practice - General,,,Compensation,Fringe Benefits Allocation,61200000,0,0,0,0,0,0,0,0,0,0,0,"76,521"
FS Practice,Compensation,Corp/Other,Corp/Adj,WW Corp/Adj,Worldwide Corp,Business Services,PPK,FS Practice (L2),7650,FS Practice,76500201,FS Practice - General,,,Compensation,Vacation Expense,61107000,0,0,0,0,0,0,0,0,0,0,0,-384
FS Practice,Compensation,Corp/Other,Corp/Adj,WW Corp/Adj,Worldwide Corp,Business Services,PPK,FS Practice (L2),7650,FS Practice,76500201,FS Practice - General,,,Compensation,Wages,61010000,0,0,0,0,0,0,0,0,0,0,0,"203,757"
FS Practice,General,Corp/Other,Corp/Adj,WW Corp/Adj,Worldwide Corp,Business Services,PPK,FS Practice (L2),7650,FS Practice,76500201,FS Practice - General,,,Programs,Other Operating Expenses,66000000,0,0,0,0,0,0,0,0,0,0,0,"56,100"
FS Practice,Databases,Corp/Other,Corp/Adj,WW Corp/Adj,Worldwide Corp,Business Services,PPK,FS Practice (L2),7650,FS Practice,76500203,FS Practice - DBs,,,Programs,Other Operating Expenses,66000000,0,0,0,0,0,0,0,0,0,0,0,"303,868"
FS Practice,BCN,Corp/Other,Corp/Adj,WW Corp/Adj,Worldwide Corp,Business Services,PPK,FS Practice (L2),7650,FS Practice,76500204,FS Practice - BCN,,,Programs,Other Operating Expenses,66000000,0,0,0,0,0,0,0,0,0,0,0,"87,750"
Further Practice,Compensation,Corp/Other,Corp/Adj,WW Corp/Adj,Worldwide Corp,Business Services,PPK,Further Practice,7190,Further Practice,71900201,SI Practice - General,,,Compensation,Bonus - Individual Performance,61020000,0,0,0,0,0,0,0,0,0,0,0,"11,934"
Further Practice,Compensation,Corp/Other,Corp/Adj,WW Corp/Adj,Worldwide Corp,Business Services,PPK,Further Practice,7190,Further Practice,71900201,SI Practice - General,,,Compensation,Bonus - Office Performance,61023000,0,0,0,0,0,0,0,0,0,0,0,"1,632"
Further Practice,Compensation,Corp/Other,Corp/Adj,WW Corp/Adj,Worldwide Corp,Business Services,PPK,Further Practice,7190,Further Practice,71900201,SI Practice - General,,,Compensation,Fringe Benefits Allocation,61200000,0,0,0,0,0,0,0,0,0,0,0,"17,787"
Further Practice,Compensation,Corp/Other,Corp/Adj,WW Corp/Adj,Worldwide Corp,Business Services,PPK,Further Practice,7190,Further Practice,71900201,SI Practice - General,,,Compensation,Vacation Expense,61107000,0,0,0,0,0,0,0,0,0,0,0,-78
Further Practice,Compensation,Corp/Other,Corp/Adj,WW Corp/Adj,Worldwide Corp,Business Services,PPK,Further Practice,7190,Further Practice,71900201,SI Practice - General,,,Compensation,Wages,61010000,0,0,0,0,0,0,0,0,0,0,0,"48,410"
Further Practice,General,Corp/Other,Corp/Adj,WW Corp/Adj,Worldwide Corp,Business Services,PPK,Further Practice,7190,Further Practice,71900201,SI Practice - General,,,Programs,Other Operating Expenses,66000000,0,0,0,0,0,0,0,0,0,0,0,"14,520"
Further Practice,BCN,Corp/Other,Corp/Adj,WW Corp/Adj,Worldwide Corp,Business Services,PPK,Further Practice,7190,Further Practice,71900205,SI Practice -BCN,,,Programs,Other Operating Expenses,66000000,0,0,0,0,0,0,0,0,0,0,0,"72,500"
Further Practice,Compensation,Corp/Other,Corp/Adj,WW Corp/Adj,Worldwide Corp,Business Services,PPK,Further Practice,7305,Further Practice,73050201,Further Practice - General,,,Compensation,Bonus - Individual Performance,61020000,0,0,0,0,0,0,0,0,0,0,0,"47,770"
Further Practice,Compensation,Corp/Other,Corp/Adj,WW Corp/Adj,Worldwide Corp,Business Services,PPK,Further Practice,7305,Further Practice,73050201,Further Practice - General,,,Compensation,Bonus - Office Performance,61023000,0,0,0,0,0,0,0,0,0,0,0,"8,267"
Further Practice,Compensation,Corp/Other,Corp/Adj,WW Corp/Adj,Worldwide Corp,Business Services,PPK,Further Practice,7305,Further Practice,73050201,Further Practice - General,,,Compensation,Fringe Benefits Allocation,61200000,0,0,0,0,0,0,0,0,0,0,0,"74,756"
Further Practice,Compensation,Corp/Other,Corp/Adj,WW Corp/Adj,Worldwide Corp,Business Services,PPK,Further Practice,7305,Further Practice,73050201,Further Practice - General,,,Compensation,Vacation Expense,61107000,0,0,0,0,0,0,0,0,0,0,0,"79,372"
Further Practice,Compensation,Corp/Other,Corp/Adj,WW Corp/Adj,Worldwide Corp,Business Services,PPK,Further Practice,7305,Further Practice,73050201,Further Practice - General,,,Compensation,Wages,61010000,0,0,0,0,0,0,0,0,0,0,0,"204,438"
Further Practice,General,Corp/Other,Corp/Adj,WW Corp/Adj,Worldwide Corp,Business Services,PPK,Further Practice,7305,Further Practice,73050201,Further Practice - General,,,Programs,Other Operating Expenses,66000000,0,0,0,0,0,0,0,0,0,0,0,"135,520"
Further Practice,Databases,Corp/Other,Corp/Adj,WW Corp/Adj,Worldwide Corp,Business Services,PPK,Further Practice,7305,Further Practice,73050203,Further Practice - DBs,,,Programs,Other Operating Expenses,66000000,0,0,0,0,0,0,0,0,0,0,0,"363,197"
Further Practice,BCN,Corp/Other,Corp/Adj,WW Corp/Adj,Worldwide Corp,Business Services,PPK,Further Practice,7305,Further Practice,73050204,Further Practice - BCN,,,Programs,Other Operating Expenses,66000000,0,0,0,0,0,0,0,0,0,0,0,"64,833"
Further Practice,Compensation,Corp/Other,Corp/Adj,WW Corp/Adj,Worldwide Corp,Business Services,PPK,Further Practice,7310,Further Practice,73100201,DE&I Practice - General,,,Compensation,Bonus - Individual Performance,61020000,0,0,0,0,0,0,0,0,0,0,0,"5,672"
Further Practice,Compensation,Corp/Other,Corp/Adj,WW Corp/Adj,Worldwide Corp,Business Services,PPK,Further Practice,7310,Further Practice,73100201,DE&I Practice - General,,,Compensation,Bonus - Office Performance,61023000,0,0,0,0,0,0,0,0,0,0,0,878
Further Practice,Compensation,Corp/Other,Corp/Adj,WW Corp/Adj,Worldwide Corp,Business Services,PPK,Further Practice,7310,Further Practice,73100201,DE&I Practice - General,,,Compensation,Fringe Benefits Allocation,61200000,0,0,0,0,0,0,0,0,0,0,0,"9,816"
Further Practice,Compensation,Corp/Other,Corp/Adj,WW Corp/Adj,Worldwide Corp,Business Services,PPK,Further Practice,7310,Further Practice,73100201,DE&I Practice - General,,,Compensation,Vacation Expense,61107000,0,0,0,0,0,0,0,0,0,0,0,-43
Further Practice,Compensation,Corp/Other,Corp/Adj,WW Corp/Adj,Worldwide Corp,Business Services,PPK,Further Practice,7310,Further Practice,73100201,DE&I Practice - General,,,Compensation,Wages,61010000,0,0,0,0,0,0,0,0,0,0,0,"27,652"
Further Practice,General,Corp/Other,Corp/Adj,WW Corp/Adj,Worldwide Corp,Business Services,PPK,Further Practice,7310,Further Practice,73100201,DE&I Practice - General,,,Programs,Other Operating Expenses,66000000,0,0,0,0,0,0,0,0,0,0,0,"21,780"
HLS Practice,Compensation,Corp/Other,Corp/Adj,WW Corp/Adj,Worldwide Corp,Business Services,PPK,HLS Practice,7850,HLS Practice,78500201,Healthcare Practice - General,,,Compensation,Bonus - Individual Performance,61020000,0,0,0,0,0,0,0,0,0,0,0,"26,575"
HLS Practice,Compensation,Corp/Other,Corp/Adj,WW Corp/Adj,Worldwide Corp,Business Services,PPK,HLS Practice,7850,HLS Practice,78500201,Healthcare Practice - General,,,Compensation,Bonus - Office Performance,61023000,0,0,0,0,0,0,0,0,0,0,0,"3,657"
HLS Practice,Compensation,Corp/Other,Corp/Adj,WW Corp/Adj,Worldwide Corp,Business Services,PPK,HLS Practice,7850,HLS Practice,78500201,Healthcare Practice - General,,,Compensation,Fringe Benefits Allocation,61200000,0,0,0,0,0,0,0,0,0,0,0,"46,637"
HLS Practice,Compensation,Corp/Other,Corp/Adj,WW Corp/Adj,Worldwide Corp,Business Services,PPK,HLS Practice,7850,HLS Practice,78500201,Healthcare Practice - General,,,Compensation,Vacation Expense,61107000,0,0,0,0,0,0,0,0,0,0,0,-184
HLS Practice,Compensation,Corp/Other,Corp/Adj,WW Corp/Adj,Worldwide Corp,Business Services,PPK,HLS Practice,7850,HLS Practice,78500201,Healthcare Practice - General,,,Compensation,Wages,61010000,0,0,0,0,0,0,0,0,0,0,0,"132,265"
HLS Practice,General,Corp/Other,Corp/Adj,WW Corp/Adj,Worldwide Corp,Business Services,PPK,HLS Practice,7850,HLS Practice,78500201,Healthcare Practice - General,,,Programs,Other Operating Expenses,66000000,0,0,0,0,0,0,0,0,0,0,0,"30,800"
HLS Practice,Databases,Corp/Other,Corp/Adj,WW Corp/Adj,Worldwide Corp,Business Services,PPK,HLS Practice,7850,HLS Practice,78500203,Healthcare Practice - DBs,,,Programs,Other Operating Expenses,66000000,0,0,0,0,0,0,0,0,0,0,0,"214,860"
HLS Practice,BCN,Corp/Other,Corp/Adj,WW Corp/Adj,Worldwide Corp,Business Services,PPK,HLS Practice,7850,HLS Practice,78500204,Healthcare Practice - BCN,,,Programs,Other Operating Expenses,66000000,0,0,0,0,0,0,0,0,0,0,0,"22,500"
M&A Practice,Compensation,Corp/Other,Corp/Adj,WW Corp/Adj,Worldwide Corp,Business Services,PPK,M&A Practice (L2),7450,M&A Practice,74500201,M&A Practice - General,,,Compensation,Bonus - Individual Performance,61020000,0,0,0,0,0,0,0,0,0,0,0,"45,728"
M&A Practice,Compensation,Corp/Other,Corp/Adj,WW Corp/Adj,Worldwide Corp,Business Services,PPK,M&A Practice (L2),7450,M&A Practice,74500201,M&A Practice - General,,,Compensation,Bonus - Office Performance,61023000,0,0,0,0,0,0,0,0,0,0,0,"8,257"
M&A Practice,Compensation,Corp/Other,Corp/Adj,WW Corp/Adj,Worldwide Corp,Business Services,PPK,M&A Practice (L2),7450,M&A Practice,74500201,M&A Practice - General,,,Compensation,Fringe Benefits Allocation,61200000,0,0,0,0,0,0,0,0,0,0,0,"58,696"
M&A Practice,Compensation,Corp/Other,Corp/Adj,WW Corp/Adj,Worldwide Corp,Business Services,PPK,M&A Practice (L2),7450,M&A Practice,74500201,M&A Practice - General,,,Compensation,Vacation Expense,61107000,0,0,0,0,0,0,0,0,0,0,0,"11,379"
M&A Practice,Compensation,Corp/Other,Corp/Adj,WW Corp/Adj,Worldwide Corp,Business Services,PPK,M&A Practice (L2),7450,M&A Practice,74500201,M&A Practice - General,,,Compensation,Wages,61010000,0,0,0,0,0,0,0,0,0,0,0,"150,532"
M&A Practice,General,Corp/Other,Corp/Adj,WW Corp/Adj,Worldwide Corp,Business Services,PPK,M&A Practice (L2),7450,M&A Practice,74500201,M&A Practice - General,,,Programs,Other Operating Expenses,66000000,0,0,0,0,0,0,0,0,0,0,0,"11,000"
M&A Practice,BCN,Corp/Other,Corp/Adj,WW Corp/Adj,Worldwide Corp,Business Services,PPK,M&A Practice (L2),7450,M&A Practice,74500204,M&A Practice - BCN,,,Programs,Other Operating Expenses,66000000,0,0,0,0,0,0,0,0,0,0,0,"5,000"
Organization Practice,Compensation,Corp/Other,Corp/Adj,WW Corp/Adj,Worldwide Corp,Business Services,PPK,Organization Practice (L2),7400,Organization Practice,74000201,Organization Practice - General,,,Compensation,Bonus - Individual Performance,61020000,0,0,0,0,0,0,0,0,0,0,0,"42,259"
Organization Practice,Compensation,Corp/Other,Corp/Adj,WW Corp/Adj,Worldwide Corp,Business Services,PPK,Organization Practice (L2),7400,Organization Practice,74000201,Organization Practice - General,,,Compensation,Bonus - Office Performance,61023000,0,0,0,0,0,0,0,0,0,0,0,"7,866"
Organization Practice,Compensation,Corp/Other,Corp/Adj,WW Corp/Adj,Worldwide Corp,Business Services,PPK,Organization Practice (L2),7400,Organization Practice,74000201,Organization Practice - General,,,Compensation,Fringe Benefits Allocation,61200000,0,0,0,0,0,0,0,0,0,0,0,"55,993"
Organization Practice,Compensation,Corp/Other,Corp/Adj,WW Corp/Adj,Worldwide Corp,Business Services,PPK,Organization Practice (L2),7400,Organization Practice,74000201,Organization Practice - General,,,Compensation,Vacation Expense,61107000,0,0,0,0,0,0,0,0,0,0,0,"-13,004"
Organization Practice,Compensation,Corp/Other,Corp/Adj,WW Corp/Adj,Worldwide Corp,Business Services,PPK,Organization Practice (L2),7400,Organization Practice,74000201,Organization Practice - General,,,Compensation,Wages,61010000,0,0,0,0,0,0,0,0,0,0,0,"144,972"
Organization Practice,General,Corp/Other,Corp/Adj,WW Corp/Adj,Worldwide Corp,Business Services,PPK,Organization Practice (L2),7400,Organization Practice,74000201,Organization Practice - General,,,Programs,Other Operating Expenses,66000000,0,0,0,0,0,0,0,0,0,0,0,"36,850"
PEG Practice,Compensation,Corp/Other,Corp/Adj,WW Corp/Adj,Worldwide Corp,Business Services,PPK,PEG Practice (L2),7700,PEG Practice,77000201,PEG Practice - General,,,Compensation,Bonus - Individual Performance,61020000,0,0,0,0,0,0,0,0,0,0,0,"200,195"
PEG Practice,Compensation,Corp/Other,Corp/Adj,WW Corp/Adj,Worldwide Corp,Business Services,PPK,PEG Practice (L2),7700,PEG Practice,77000201,PEG Practice - General,,,Compensation,Bonus - Office Performance,61023000,0,0,0,0,0,0,0,0,0,0,0,"38,333"
PEG Practice,Compensation,Corp/Other,Corp/Adj,WW Corp/Adj,Worldwide Corp,Business Services,PPK,PEG Practice (L2),7700,PEG Practice,77000201,PEG Practice - General,,,Compensation,Fringe Benefits Allocation,61200000,0,0,0,0,0,0,0,0,0,0,0,"252,027"
PEG Practice,Compensation,Corp/Other,Corp/Adj,WW Corp/Adj,Worldwide Corp,Business Services,PPK,PEG Practice (L2),7700,PEG Practice,77000201,PEG Practice - General,,,Compensation,Vacation Expense,61107000,0,0,0,0,0,0,0,0,0,0,0,"101,492"
PEG Practice,Compensation,Corp/Other,Corp/Adj,WW Corp/Adj,Worldwide Corp,Business Services,PPK,PEG Practice (L2),7700,PEG Practice,77000201,PEG Practice - General,,,Compensation,Wages,61010000,0,0,0,0,0,0,0,0,0,0,0,"639,614"
PEG Practice,General,Corp/Other,Corp/Adj,WW Corp/Adj,Worldwide Corp,Business Services,PPK,PEG Practice (L2),7700,PEG Practice,77000201,PEG Practice - General,,,Programs,Other Operating Expenses,66000000,0,0,0,0,0,0,0,0,0,0,0,"39,600"
PEG Practice,Databases,Corp/Other,Corp/Adj,WW Corp/Adj,Worldwide Corp,Business Services,PPK,PEG Practice (L2),7700,PEG Practice,77000203,PEG Practice - DBs,,,Programs,Other Operating Expenses,66000000,0,0,0,0,0,0,0,0,0,0,0,"43,333"
PI Practice,Compensation,Corp/Other,Corp/Adj,WW Corp/Adj,Worldwide Corp,Business Services,PPK,PI Practice (L2),7350,PI Practice,73500201,PI Practice - General,,,Compensation,Bonus - Individual Performance,61020000,0,0,0,0,0,0,0,0,0,0,0,"140,619"
PI Practice,Compensation,Corp/Other,Corp/Adj,WW Corp/Adj,Worldwide Corp,Business Services,PPK,PI Practice (L2),7350,PI Practice,73500201,PI Practice - General,,,Compensation,Bonus - Office Performance,61023000,0,0,0,0,0,0,0,0,0,0,0,"26,649"
PI Practice,Compensation,Corp/Other,Corp/Adj,WW Corp/Adj,Worldwide Corp,Business Services,PPK,PI Practice (L2),7350,PI Practice,73500201,PI Practice - General,,,Compensation,Fringe Benefits Allocation,61200000,0,0,0,0,0,0,0,0,0,0,0,"181,576"
PI Practice,Compensation,Corp/Other,Corp/Adj,WW Corp/Adj,Worldwide Corp,Business Services,PPK,PI Practice (L2),7350,PI Practice,73500201,PI Practice - General,,,Compensation,Vacation Expense,61107000,0,0,0,0,0,0,0,0,0,0,0,"-17,240"
PI Practice,Compensation,Corp/Other,Corp/Adj,WW Corp/Adj,Worldwide Corp,Business Services,PPK,PI Practice (L2),7350,PI Practice,73500201,PI Practice - General,,,Compensation,Wages,61010000,0,0,0,0,0,0,0,0,0,0,0,"465,400"
PI Practice,General,Corp/Other,Corp/Adj,WW Corp/Adj,Worldwide Corp,Business Services,PPK,PI Practice (L2),7350,PI Practice,73500201,PI Practice - General,,,Programs,Other Operating Expenses,66000000,0,0,0,0,0,0,0,0,0,0,0,"38,300"
PI Practice,Databases,Corp/Other,Corp/Adj,WW Corp/Adj,Worldwide Corp,Business Services,PPK,PI Practice (L2),7350,PI Practice,73500203,PI Practice - DBs,,,Programs,Other Operating Expenses,66000000,0,0,0,0,0,0,0,0,0,0,0,"45,583"
PI Practice,BCN,Corp/Other,Corp/Adj,WW Corp/Adj,Worldwide Corp,Business Services,PPK,PI Practice (L2),7350,PI Practice,73500204,PI Practice - BCN,,,Programs,Other Operating Expenses,66000000,0,0,0,0,0,0,0,0,0,0,0,"101,500"
Retail Practice,Compensation,Corp/Other,Corp/Adj,WW Corp/Adj,Worldwide Corp,Business Services,PPK,Retail Practice (L2),7900,Retail Practice,79000201,Retail Practice - General,,,Compensation,Bonus - Individual Performance,61020000,0,0,0,0,0,0,0,0,0,0,0,"47,338"
Retail Practice,Compensation,Corp/Other,Corp/Adj,WW Corp/Adj,Worldwide Corp,Business Services,PPK,Retail Practice (L2),7900,Retail Practice,79000201,Retail Practice - General,,,Compensation,Bonus - Office Performance,61023000,0,0,0,0,0,0,0,0,0,0,0,"7,097"
Retail Practice,Compensation,Corp/Other,Corp/Adj,WW Corp/Adj,Worldwide Corp,Business Services,PPK,Retail Practice (L2),7900,Retail Practice,79000201,Retail Practice - General,,,Compensation,Fringe Benefits Allocation,61200000,0,0,0,0,0,0,0,0,0,0,0,"70,250"
Retail Practice,Compensation,Corp/Other,Corp/Adj,WW Corp/Adj,Worldwide Corp,Business Services,PPK,Retail Practice (L2),7900,Retail Practice,79000201,Retail Practice - General,,,Compensation,Vacation Expense,61107000,0,0,0,0,0,0,0,0,0,0,0,"24,710"
Retail Practice,Compensation,Corp/Other,Corp/Adj,WW Corp/Adj,Worldwide Corp,Business Services,PPK,Retail Practice (L2),7900,Retail Practice,79000201,Retail Practice - General,,,Compensation,Wages,61010000,0,0,0,0,0,0,0,0,0,0,0,"190,340"
Retail Practice,General,Corp/Other,Corp/Adj,WW Corp/Adj,Worldwide Corp,Business Services,PPK,Retail Practice (L2),7900,Retail Practice,79000201,Retail Practice - General,,,Programs,Other Operating Expenses,66000000,0,0,0,0,0,0,0,0,0,0,0,"44,000"
Retail Practice,Databases,Corp/Other,Corp/Adj,WW Corp/Adj,Worldwide Corp,Business Services,PPK,Retail Practice (L2),7900,Retail Practice,79000203,Retail Practice - DBs,,,Programs,Other Operating Expenses,66000000,0,0,0,0,0,0,0,0,0,0,0,"92,430"
Retail Practice,BCN,Corp/Other,Corp/Adj,WW Corp/Adj,Worldwide Corp,Business Services,PPK,Retail Practice (L2),7900,Retail Practice,79000204,Retail Practice - BCN,,,Programs,Other Operating Expenses,66000000,0,0,0,0,0,0,0,0,0,0,0,"92,417"
S&T Practice,Compensation,Corp/Other,Corp/Adj,WW Corp/Adj,Worldwide Corp,Business Services,PPK,Strategy & Transformation Practice,7300,Strategy & Transformation Practice,73000201,Strategy & Transformation Practice - General,,,Compensation,Bonus - Individual Performance,61020000,0,0,0,0,0,0,0,0,0,0,0,"132,665"
S&T Practice,Compensation,Corp/Other,Corp/Adj,WW Corp/Adj,Worldwide Corp,Business Services,PPK,Strategy & Transformation Practice,7300,Strategy & Transformation Practice,73000201,Strategy & Transformation Practice - General,,,Compensation,Bonus - Office Performance,61023000,0,0,0,0,0,0,0,0,0,0,0,"23,588"
S&T Practice,Compensation,Corp/Other,Corp/Adj,WW Corp/Adj,Worldwide Corp,Business Services,PPK,Strategy & Transformation Practice,7300,Strategy & Transformation Practice,73000201,Strategy & Transformation Practice - General,,,Compensation,Fringe Benefits Allocation,61200000,0,0,0,0,0,0,0,0,0,0,0,"182,363"
S&T Practice,Compensation,Corp/Other,Corp/Adj,WW Corp/Adj,Worldwide Corp,Business Services,PPK,Strategy & Transformation Practice,7300,Strategy & Transformation Practice,73000201,Strategy & Transformation Practice - General,,,Compensation,Vacation Expense,61107000,0,0,0,0,0,0,0,0,0,0,0,"4,763"
S&T Practice,Compensation,Corp/Other,Corp/Adj,WW Corp/Adj,Worldwide Corp,Business Services,PPK,Strategy & Transformation Practice,7300,Strategy & Transformation Practice,73000201,Strategy & Transformation Practice - General,,,Compensation,Wages,61010000,0,0,0,0,0,0,0,0,0,0,0,"479,157"
S&T Practice,General,Corp/Other,Corp/Adj,WW Corp/Adj,Worldwide Corp,Business Services,PPK,Strategy & Transformation Practice,7300,Strategy & Transformation Practice,73000201,Strategy & Transformation Practice - General,,,Programs,Other Operating Expenses,66000000,0,0,0,0,0,0,0,0,0,0,0,"70,950"
S&T Practice,BCN,Corp/Other,Corp/Adj,WW Corp/Adj,Worldwide Corp,Business Services,PPK,Strategy & Transformation Practice,7300,Strategy & Transformation Practice,73000204,Strategy & Transformation Practice - BCN,,,Programs,Other Operating Expenses,66000000,0,0,0,0,0,0,0,0,0,0,0,"95,500"
S&T Practice,Compensation,Corp/Other,Corp/Adj,WW Corp/Adj,Worldwide Corp,Business Services,PPK,Strategy & Transformation Practice,7360,Transform & Chg Practice,73600201,Transform & Chg Practice - General,,,Compensation,Bonus - Individual Performance,61020000,0,0,0,0,0,0,0,0,0,0,0,0
S&T Practice,Compensation,Corp/Other,Corp/Adj,WW Corp/Adj,Worldwide Corp,Business Services,PPK,Strategy & Transformation Practice,7360,Transform & Chg Practice,73600201,Transform & Chg Practice - General,,,Compensation,Bonus - Office Performance,61023000,0,0,0,0,0,0,0,0,0,0,0,0
S&T Practice,Compensation,Corp/Other,Corp/Adj,WW Corp/Adj,Worldwide Corp,Business Services,PPK,Strategy & Transformation Practice,7360,Transform & Chg Practice,73600201,Transform & Chg Practice - General,,,Compensation,Fringe Benefits Allocation,61200000,0,0,0,0,0,0,0,0,0,0,0,0
S&T Practice,Compensation,Corp/Other,Corp/Adj,WW Corp/Adj,Worldwide Corp,Business Services,PPK,Strategy & Transformation Practice,7360,Transform & Chg Practice,73600201,Transform & Chg Practice - General,,,Compensation,Wages,61010000,0,0,0,0,0,0,0,0,0,0,0,0
S&T Practice,Compensation,Corp/Other,Corp/Adj,WW Corp/Adj,Worldwide Corp,Business Services,PPK,Strategy & Transformation Practice,7525,Bain Futures Practice,75250201,Bain Futures Practice - General,,,Compensation,Bonus - Individual Performance,61020000,0,0,0,0,0,0,0,0,0,0,0,0
S&T Practice,Compensation,Corp/Other,Corp/Adj,WW Corp/Adj,Worldwide Corp,Business Services,PPK,Strategy & Transformation Practice,7525,Bain Futures Practice,75250201,Bain Futures Practice - General,,,Compensation,Bonus - Office Performance,61023000,0,0,0,0,0,0,0,0,0,0,0,0
S&T Practice,Compensation,Corp/Other,Corp/Adj,WW Corp/Adj,Worldwide Corp,Business Services,PPK,Strategy & Transformation Practice,7525,Bain Futures Practice,75250201,Bain Futures Practice - General,,,Compensation,Fringe Benefits Allocation,61200000,0,0,0,0,0,0,0,0,0,0,0,0
S&T Practice,Compensation,Corp/Other,Corp/Adj,WW Corp/Adj,Worldwide Corp,Business Services,PPK,Strategy & Transformation Practice,7525,Bain Futures Practice,75250201,Bain Futures Practice - General,,,Compensation,Wages,61010000,0,0,0,0,0,0,0,0,0,0,0,0
S&T Practice,Compensation,Corp/Other,Corp/Adj,WW Corp/Adj,Worldwide Corp,Business Services,PPK,Strategy & Transformation Practice,7530,Strategy & Transformation Practice,75300001,Macro Trends Practice - General,,,Compensation,Bonus - Individual Performance,61020000,0,0,0,0,0,0,0,0,0,0,0,"14,321"
S&T Practice,Compensation,Corp/Other,Corp/Adj,WW Corp/Adj,Worldwide Corp,Business Services,PPK,Strategy & Transformation Practice,7530,Strategy & Transformation Practice,75300001,Macro Trends Practice - General,,,Compensation,Bonus - Office Performance,61023000,0,0,0,0,0,0,0,0,0,0,0,"2,736"
S&T Practice,Compensation,Corp/Other,Corp/Adj,WW Corp/Adj,Worldwide Corp,Business Services,PPK,Strategy & Transformation Practice,7530,Strategy & Transformation Practice,75300001,Macro Trends Practice - General,,,Compensation,Fringe Benefits Allocation,61200000,0,0,0,0,0,0,0,0,0,0,0,"25,016"
S&T Practice,Compensation,Corp/Other,Corp/Adj,WW Corp/Adj,Worldwide Corp,Business Services,PPK,Strategy & Transformation Practice,7530,Strategy & Transformation Practice,75300001,Macro Trends Practice - General,,,Compensation,Vacation Expense,61107000,0,0,0,0,0,0,0,0,0,0,0,"2,250"
S&T Practice,Compensation,Corp/Other,Corp/Adj,WW Corp/Adj,Worldwide Corp,Business Services,PPK,Strategy & Transformation Practice,7530,Strategy & Transformation Practice,75300001,Macro Trends Practice - General,,,Compensation,Wages,61010000,0,0,0,0,0,0,0,0,0,0,0,"70,106"
S&T Practice,General,Corp/Other,Corp/Adj,WW Corp/Adj,Worldwide Corp,Business Services,PPK,Strategy & Transformation Practice,7530,Strategy & Transformation Practice,75300001,Macro Trends Practice - General,,,Programs,Other Operating Expenses,66000000,0,0,0,0,0,0,0,0,0,0,0,"9,900"
TMT Practice,Compensation,Corp/Other,Corp/Adj,WW Corp/Adj,Worldwide Corp,Business Services,PPK,TMT Practice,7750,TMT Practice,77500201,TMT Practice - General,,,Compensation,Bonus - Individual Performance,61020000,0,0,0,0,0,0,0,0,0,0,0,"56,343"
TMT Practice,Compensation,Corp/Other,Corp/Adj,WW Corp/Adj,Worldwide Corp,Business Services,PPK,TMT Practice,7750,TMT Practice,77500201,TMT Practice - General,,,Compensation,Bonus - Office Performance,61023000,0,0,0,0,0,0,0,0,0,0,0,"9,085"
TMT Practice,Compensation,Corp/Other,Corp/Adj,WW Corp/Adj,Worldwide Corp,Business Services,PPK,TMT Practice,7750,TMT Practice,77500201,TMT Practice - General,,,Compensation,Fringe Benefits Allocation,61200000,0,0,0,0,0,0,0,0,0,0,0,"79,961"
TMT Practice,Compensation,Corp/Other,Corp/Adj,WW Corp/Adj,Worldwide Corp,Business Services,PPK,TMT Practice,7750,TMT Practice,77500201,TMT Practice - General,,,Compensation,Vacation Expense,61107000,0,0,0,0,0,0,0,0,0,0,0,-384
TMT Practice,Compensation,Corp/Other,Corp/Adj,WW Corp/Adj,Worldwide Corp,Business Services,PPK,TMT Practice,7750,TMT Practice,77500201,TMT Practice - General,,,Compensation,Wages,61010000,0,0,0,0,0,0,0,0,0,0,0,"213,181"
TMT Practice,General,Corp/Other,Corp/Adj,WW Corp/Adj,Worldwide Corp,Business Services,PPK,TMT Practice,7750,TMT Practice,77500201,TMT Practice - General,,,Programs,Other Operating Expenses,66000000,0,0,0,0,0,0,0,0,0,0,0,"51,150"
TMT Practice,Databases,Corp/Other,Corp/Adj,WW Corp/Adj,Worldwide Corp,Business Services,PPK,TMT Practice,7750,TMT Practice,77500203,TMT Practice - DBs,,,Programs,Other Operating Expenses,66000000,0,0,0,0,0,0,0,0,0,0,0,"669,940"
TMT Practice,BCN,Corp/Other,Corp/Adj,WW Corp/Adj,Worldwide Corp,Business Services,PPK,TMT Practice,7750,TMT Practice,77500204,TMT Practice - BCN,,,Programs,Other Operating Expenses,66000000,0,0,0,0,0,0,0,0,0,0,0,"111,500"
TMT Practice,Compensation,Corp/Other,Corp/Adj,WW Corp/Adj,Worldwide Corp,Business Services,PPK,TMT Practice,7775,CME Practice,77750201,CME Practice - General,,,Compensation,Bonus - Individual Performance,61020000,0,0,0,0,0,0,0,0,0,0,0,0
TMT Practice,Compensation,Corp/Other,Corp/Adj,WW Corp/Adj,Worldwide Corp,Business Services,PPK,TMT Practice,7775,CME Practice,77750201,CME Practice - General,,,Compensation,Bonus - Office Performance,61023000,0,0,0,0,0,0,0,0,0,0,0,0
TMT Practice,Compensation,Corp/Other,Corp/Adj,WW Corp/Adj,Worldwide Corp,Business Services,PPK,TMT Practice,7775,CME Practice,77750201,CME Practice - General,,,Compensation,Fringe Benefits Allocation,61200000,0,0,0,0,0,0,0,0,0,0,0,0
TMT Practice,Compensation,Corp/Other,Corp/Adj,WW Corp/Adj,Worldwide Corp,Business Services,PPK,TMT Practice,7775,CME Practice,77750201,CME Practice - General,,,Compensation,Wages,61010000,0,0,0,0,0,0,0,0,0,0,0,0
AIS Practice,Compensation,Corp/Other,Corp/Adj,WW Corp/Adj,Worldwide Corp,Business Services,PPK,Vector Practice (L2),7505,Vector Practice,75050201,Vector Practice - General,,,Compensation,Bonus - Individual Performance,61020000,0,0,0,0,0,0,0,0,0,0,0,"10,047"
AIS Practice,Compensation,Corp/Other,Corp/Adj,WW Corp/Adj,Worldwide Corp,Business Services,PPK,Vector Practice (L2),7505,Vector Practice,75050201,Vector Practice - General,,,Compensation,Bonus - Office Performance,61023000,0,0,0,0,0,0,0,0,0,0,0,"-10,047"
AIS Practice,Compensation,Corp/Other,Corp/Adj,WW Corp/Adj,Worldwide Corp,Business Services,PPK,Vector Practice (L2),7505,Vector Practice,75050201,Vector Practice - General,,,Compensation,Fringe Benefits Allocation,61200000,0,0,0,0,0,0,0,0,0,0,0,0
AIS Practice,Compensation,Corp/Other,Corp/Adj,WW Corp/Adj,Worldwide Corp,Business Services,PPK,Vector Practice (L2),7505,Vector Practice,75050201,Vector Practice - General,,,Compensation,Overtime,61021000,0,0,0,0,0,0,0,0,0,0,0,"-36,899"
AIS Practice,Compensation,Corp/Other,Corp/Adj,WW Corp/Adj,Worldwide Corp,Business Services,PPK,Vector Practice (L2),7505,Vector Practice,75050201,Vector Practice - General,,,Compensation,Wages,61010000,0,0,0,0,0,0,0,0,0,0,0,"36,899"
PEG Practice,Marketing,Corp/Other,Corp/Adj,WW Corp/Adj,Worldwide Corp,Business Services,Marketing (L1),Marketing (L2),5650,Capability Marketing,56500005,Capability Marketing - PEG,,,Programs,Other Operating Expenses,66000000,0,0,0,0,0,0,0,0,0,0,0,"72,500"
M&A Practice,Marketing,Corp/Other,Corp/Adj,WW Corp/Adj,Worldwide Corp,Business Services,Marketing (L1),Marketing (L2),5650,Capability Marketing,56500008,Capability Marketing - M&A,,,Programs,Other Operating Expenses,66000000,0,0,0,0,0,0,0,0,0,0,0,"37,500"
Organization Practice,Marketing,Corp/Other,Corp/Adj,WW Corp/Adj,Worldwide Corp,Business Services,Marketing (L1),Marketing (L2),5650,Capability Marketing,56500010,Capability Marketing - Org,,,Programs,Other Operating Expenses,66000000,0,0,0,0,0,0,0,0,0,0,0,"32,875"
PI Practice,Marketing,Corp/Other,Corp/Adj,WW Corp/Adj,Worldwide Corp,Business Services,Marketing (L1),Marketing (L2),5650,Capability Marketing,56500011,Capability Marketing - PI,,,Programs,Other Operating Expenses,66000000,0,0,0,0,0,0,0,0,0,0,0,"91,875"
Further Practice,Marketing,Corp/Other,Corp/Adj,WW Corp/Adj,Worldwide Corp,Business Services,Marketing (L1),Marketing (L2),5650,Capability Marketing,56500012,Capability Marketing - S&R,,,Programs,Other Operating Expenses,66000000,0,0,0,0,0,0,0,0,0,0,0,"105,000"
S&T Practice,Marketing,Corp/Other,Corp/Adj,WW Corp/Adj,Worldwide Corp,Business Services,Marketing (L1),Marketing (L2),5650,Capability Marketing,56500013,Capability Marketing - Strategy,,,Programs,Other Operating Expenses,66000000,0,0,0,0,0,0,0,0,0,0,0,"138,125"
AIS Practice,Marketing,Corp/Other,Corp/Adj,WW Corp/Adj,Worldwide Corp,Business Services,Marketing (L1),Marketing (L2),5650,Capability Marketing,56500015,Capability Marketing - Vector,,,Programs,Other Operating Expenses,66000000,0,0,0,0,0,0,0,0,0,0,0,"192,500"
Customer Practice,Marketing,Corp/Other,Corp/Adj,WW Corp/Adj,Worldwide Corp,Business Services,Marketing (L1),Marketing (L2),5650,Capability Marketing,56500017,Capability Marketing - MCX,,,Programs,Other Operating Expenses,66000000,0,0,0,0,0,0,0,0,0,0,0,"28,500"
Customer Practice,Marketing,Corp/Other,Corp/Adj,WW Corp/Adj,Worldwide Corp,Business Services,Marketing (L1),Marketing (L2),5650,Capability Marketing,56500018,Capability Marketing - CE,,,Programs,Other Operating Expenses,66000000,0,0,0,0,0,0,0,0,0,0,0,"18,750"
AMS Practice,Marketing,Corp/Other,Corp/Adj,WW Corp/Adj,Worldwide Corp,Business Services,Marketing (L1),Marketing (L2),5750,Industry Marketing,57500002,Industry Marketing - AMS,,,Programs,Other Operating Expenses,66000000,0,0,0,0,0,0,0,0,0,0,0,"117,600"
CP Practice,Marketing,Corp/Other,Corp/Adj,WW Corp/Adj,Worldwide Corp,Business Services,Marketing (L1),Marketing (L2),5750,Industry Marketing,57500004,Industry Marketing - CP,,,Programs,Other Operating Expenses,66000000,0,0,0,0,0,0,0,0,0,0,0,"66,750"
ENR Practice,Marketing,Corp/Other,Corp/Adj,WW Corp/Adj,Worldwide Corp,Business Services,Marketing (L1),Marketing (L2),5750,Industry Marketing,57500005,Industry Marketing - ENR,,,Programs,Other Operating Expenses,66000000,0,0,0,0,0,0,0,0,0,0,0,"73,375"
FS Practice,Marketing,Corp/Other,Corp/Adj,WW Corp/Adj,Worldwide Corp,Business Services,Marketing (L1),Marketing (L2),5750,Industry Marketing,57500006,Industry Marketing - FS,,,Programs,Other Operating Expenses,66000000,0,0,0,0,0,0,0,0,0,0,0,"73,125"
HLS Practice,Marketing,Corp/Other,Corp/Adj,WW Corp/Adj,Worldwide Corp,Business Services,Marketing (L1),Marketing (L2),5750,Industry Marketing,57500007,Industry Marketing - HC,,,Programs,Other Operating Expenses,66000000,0,0,0,0,0,0,0,0,0,0,0,"46,000"
Retail Practice,Marketing,Corp/Other,Corp/Adj,WW Corp/Adj,Worldwide Corp,Business Services,Marketing (L1),Marketing (L2),5750,Industry Marketing,57500009,Industry Marketing - Retail,,,Programs,Other Operating Expenses,66000000,0,0,0,0,0,0,0,0,0,0,0,"71,250"
TMT Practice,Marketing,Corp/Other,Corp/Adj,WW Corp/Adj,Worldwide Corp,Business Services,Marketing (L1),Marketing (L2),5750,Industry Marketing,57500011,Industry Marketing - TCS,,,Programs,Other Operating Expenses,66000000,0,0,0,0,0,0,0,0,0,0,0,"49,500"
