Practice,Summary Account,Period,Sum of USD Current Year Rate
AIS Practice,Bonus (Firm Perf.),1,"7,461"
AIS Practice,Bonus (Firm Perf.),2,"2,092"
AIS Practice,Bonus (Firm Perf.),3,"-22,741"
AIS Practice,Bonus (Firm Perf.),4,"7,390"
AIS Practice,Bonus (Firm Perf.),5,"8,212"
AIS Practice,Bonus (Firm Perf.),6,"10,264"
AIS Practice,Bonus (Firm Perf.),7,"8,583"
AIS Practice,Bonus (Firm Perf.),8,"1,013"
AIS Practice,Bonus (Firm Perf.),9,"2,723"
AIS Practice,Bonus (Firm Perf.),10,"6,680"
AIS Practice,Bonus (Firm Perf.),11,"5,798"
AIS Practice,Bonus (Firm Perf.),12,"6,034"
AIS Practice,Bonus (Individual Perf.),1,"49,174"
AIS Practice,Bonus (Individual Perf.),2,"-67,345"
AIS Practice,Bonus (Individual Perf.),3,"50,592"
AIS Practice,Bonus (Individual Perf.),4,"19,238"
AIS Practice,Bonus (Individual Perf.),5,"56,152"
AIS Practice,Bonus (Individual Perf.),6,"105,943"
AIS Practice,Bonus (Individual Perf.),7,"49,434"
AIS Practice,Bonus (Individual Perf.),8,"86,913"
AIS Practice,Bonus (Individual Perf.),9,"92,827"
AIS Practice,Bonus (Individual Perf.),10,"106,259"
AIS Practice,Bonus (Individual Perf.),11,"42,522"
AIS Practice,Bonus (Individual Perf.),12,"44,025"
AIS Practice,Bonus (Signing),1,194
AIS Practice,Bonus (Signing),2,388
AIS Practice,Bonus (Signing),3,145
AIS Practice,Bonus (Signing),5,194
AIS Practice,Bonus (Signing),6,97
AIS Practice,Bonus (Signing),7,97
AIS Practice,Bonus (Signing),8,109
AIS Practice,Bonus (Signing),9,109
AIS Practice,Bonus (Signing),10,109
AIS Practice,Bonus (Signing),12,593
AIS Practice,Fringe / Benefits,1,"41,673"
AIS Practice,Fringe / Benefits,2,"47,753"
AIS Practice,Fringe / Benefits,3,"80,112"
AIS Practice,Fringe / Benefits,4,"37,532"
AIS Practice,Fringe / Benefits,5,"57,049"
AIS Practice,Fringe / Benefits,6,"51,150"
AIS Practice,Fringe / Benefits,7,"-22,778"
AIS Practice,Fringe / Benefits,8,"26,671"
AIS Practice,Fringe / Benefits,9,"159,450"
AIS Practice,Fringe / Benefits,10,"71,854"
AIS Practice,Fringe / Benefits,11,"38,409"
AIS Practice,Fringe / Benefits,12,"38,022"
AIS Practice,Other Compensation,1,"1,712"
AIS Practice,Other Compensation,2,"-32,491"
AIS Practice,Other Compensation,3,"255,148"
AIS Practice,Other Compensation,4,"-34,242"
AIS Practice,Other Compensation,5,"-78,894"
AIS Practice,Other Compensation,6,"11,899"
AIS Practice,Other Compensation,7,"8,794"
AIS Practice,Other Compensation,8,"-17,143"
AIS Practice,Other Compensation,9,"87,975"
AIS Practice,Other Compensation,10,0
AIS Practice,Other Compensation,11,0
AIS Practice,Other Compensation,12,0
AIS Practice,Salary,1,"198,555"
AIS Practice,Salary,2,"198,865"
AIS Practice,Salary,3,"201,698"
AIS Practice,Salary,4,"231,894"
AIS Practice,Salary,5,"195,966"
AIS Practice,Salary,6,"194,202"
AIS Practice,Salary,7,"203,682"
AIS Practice,Salary,8,"161,068"
AIS Practice,Salary,9,"86,664"
AIS Practice,Salary,10,"157,849"
AIS Practice,Salary,11,"149,224"
AIS Practice,Salary,12,"166,638"
AMS Practice,Bonus (Firm Perf.),1,"7,611"
AMS Practice,Bonus (Firm Perf.),2,612
AMS Practice,Bonus (Firm Perf.),3,"-13,885"
AMS Practice,Bonus (Firm Perf.),4,"7,480"
AMS Practice,Bonus (Firm Perf.),5,"7,324"
AMS Practice,Bonus (Firm Perf.),6,"11,059"
AMS Practice,Bonus (Firm Perf.),7,"11,230"
AMS Practice,Bonus (Firm Perf.),8,"9,543"
AMS Practice,Bonus (Firm Perf.),9,"11,245"
AMS Practice,Bonus (Firm Perf.),10,"9,661"
AMS Practice,Bonus (Firm Perf.),11,"12,503"
AMS Practice,Bonus (Firm Perf.),12,"10,540"
AMS Practice,Bonus (Individual Perf.),1,"56,618"
AMS Practice,Bonus (Individual Perf.),2,"49,009"
AMS Practice,Bonus (Individual Perf.),3,"45,648"
AMS Practice,Bonus (Individual Perf.),4,"68,730"
AMS Practice,Bonus (Individual Perf.),5,"63,465"
AMS Practice,Bonus (Individual Perf.),6,"103,617"
AMS Practice,Bonus (Individual Perf.),7,"61,118"
AMS Practice,Bonus (Individual Perf.),8,"64,950"
AMS Practice,Bonus (Individual Perf.),9,"68,593"
AMS Practice,Bonus (Individual Perf.),10,"59,627"
AMS Practice,Bonus (Individual Perf.),11,"51,443"
AMS Practice,Bonus (Individual Perf.),12,"64,829"
AMS Practice,Bonus (Signing),1,12
AMS Practice,Bonus (Signing),2,12
AMS Practice,Bonus (Signing),3,158
AMS Practice,Bonus (Signing),5,121
AMS Practice,Bonus (Signing),6,12
AMS Practice,Bonus (Signing),7,12
AMS Practice,Bonus (Signing),8,24
AMS Practice,Bonus (Signing),9,"12,032"
AMS Practice,Bonus (Signing),10,24
AMS Practice,Bonus (Signing),12,237
AMS Practice,Fringe / Benefits,1,"67,981"
AMS Practice,Fringe / Benefits,2,"71,554"
AMS Practice,Fringe / Benefits,3,"45,681"
AMS Practice,Fringe / Benefits,4,"50,507"
AMS Practice,Fringe / Benefits,5,"53,546"
AMS Practice,Fringe / Benefits,6,"104,341"
AMS Practice,Fringe / Benefits,7,"52,614"
AMS Practice,Fringe / Benefits,8,"23,802"
AMS Practice,Fringe / Benefits,9,"167,944"
AMS Practice,Fringe / Benefits,10,"30,000"
AMS Practice,Fringe / Benefits,11,"47,979"
AMS Practice,Fringe / Benefits,12,"74,110"
AMS Practice,Other Compensation,3,"50,297"
AMS Practice,Other Compensation,4,"3,588"
AMS Practice,Other Compensation,5,83
AMS Practice,Other Compensation,6,908
AMS Practice,Other Compensation,7,"8,622"
AMS Practice,Other Compensation,8,"-8,175"
AMS Practice,Other Compensation,12,660
AMS Practice,Salary,1,"196,118"
AMS Practice,Salary,2,"174,947"
AMS Practice,Salary,3,"197,188"
AMS Practice,Salary,4,"184,310"
AMS Practice,Salary,5,"199,922"
AMS Practice,Salary,6,"211,589"
AMS Practice,Salary,7,"173,154"
AMS Practice,Salary,8,"184,971"
AMS Practice,Salary,9,"203,647"
AMS Practice,Salary,10,"204,158"
AMS Practice,Salary,11,"191,856"
AMS Practice,Salary,12,"214,317"
CP Practice,Bonus (Firm Perf.),1,"6,609"
CP Practice,Bonus (Firm Perf.),2,"7,079"
CP Practice,Bonus (Firm Perf.),3,"-11,709"
CP Practice,Bonus (Firm Perf.),4,"7,458"
CP Practice,Bonus (Firm Perf.),5,"9,590"
CP Practice,Bonus (Firm Perf.),6,"-10,270"
CP Practice,Bonus (Firm Perf.),7,"11,982"
CP Practice,Bonus (Firm Perf.),8,"8,092"
CP Practice,Bonus (Firm Perf.),9,"7,435"
CP Practice,Bonus (Firm Perf.),10,"7,131"
CP Practice,Bonus (Firm Perf.),11,"7,709"
CP Practice,Bonus (Firm Perf.),12,"32,022"
CP Practice,Bonus (Individual Perf.),1,"45,740"
CP Practice,Bonus (Individual Perf.),2,"45,089"
CP Practice,Bonus (Individual Perf.),3,"96,783"
CP Practice,Bonus (Individual Perf.),4,"-133,088"
CP Practice,Bonus (Individual Perf.),5,"53,804"
CP Practice,Bonus (Individual Perf.),6,"204,059"
CP Practice,Bonus (Individual Perf.),7,"50,569"
CP Practice,Bonus (Individual Perf.),8,"56,306"
CP Practice,Bonus (Individual Perf.),9,"194,020"
CP Practice,Bonus (Individual Perf.),10,"50,279"
CP Practice,Bonus (Individual Perf.),11,"34,373"
CP Practice,Bonus (Individual Perf.),12,"66,810"
CP Practice,Bonus (Signing),1,218
CP Practice,Bonus (Signing),2,412
CP Practice,Bonus (Signing),3,436
CP Practice,Bonus (Signing),5,642
CP Practice,Bonus (Signing),6,351
CP Practice,Bonus (Signing),7,351
CP Practice,Bonus (Signing),8,-315
CP Practice,Bonus (Signing),9,266
CP Practice,Bonus (Signing),10,266
CP Practice,Bonus (Signing),12,616
CP Practice,Fringe / Benefits,1,"50,341"
CP Practice,Fringe / Benefits,2,"84,683"
CP Practice,Fringe / Benefits,3,"56,072"
CP Practice,Fringe / Benefits,4,"53,377"
CP Practice,Fringe / Benefits,5,"80,034"
CP Practice,Fringe / Benefits,6,"68,319"
CP Practice,Fringe / Benefits,7,"50,931"
CP Practice,Fringe / Benefits,8,"61,597"
CP Practice,Fringe / Benefits,9,"190,709"
CP Practice,Fringe / Benefits,10,"24,531"
CP Practice,Fringe / Benefits,11,"84,453"
CP Practice,Fringe / Benefits,12,"76,614"
CP Practice,Other Compensation,3,"30,346"
CP Practice,Other Compensation,4,0
CP Practice,Other Compensation,5,"-10,115"
CP Practice,Other Compensation,6,"10,581"
CP Practice,Other Compensation,7,-5
CP Practice,Salary,1,"159,307"
CP Practice,Salary,2,"163,525"
CP Practice,Salary,3,"171,581"
CP Practice,Salary,4,"262,305"
CP Practice,Salary,5,"173,443"
CP Practice,Salary,6,"170,167"
CP Practice,Salary,7,"179,351"
CP Practice,Salary,8,"162,580"
CP Practice,Salary,9,"66,901"
CP Practice,Salary,10,"169,919"
CP Practice,Salary,11,"158,027"
CP Practice,Salary,12,"183,329"
Customer Practice,Bonus (Firm Perf.),1,"9,737"
Customer Practice,Bonus (Firm Perf.),2,"8,257"
Customer Practice,Bonus (Firm Perf.),3,"-15,800"
Customer Practice,Bonus (Firm Perf.),4,"12,003"
Customer Practice,Bonus (Firm Perf.),5,"8,549"
Customer Practice,Bonus (Firm Perf.),6,"-5,211"
Customer Practice,Bonus (Firm Perf.),7,"6,646"
Customer Practice,Bonus (Firm Perf.),8,"8,623"
Customer Practice,Bonus (Firm Perf.),9,"8,528"
Customer Practice,Bonus (Firm Perf.),10,"8,883"
Customer Practice,Bonus (Firm Perf.),11,"8,577"
Customer Practice,Bonus (Firm Perf.),12,"8,373"
Customer Practice,Bonus (Individual Perf.),1,"82,882"
Customer Practice,Bonus (Individual Perf.),2,"73,722"
Customer Practice,Bonus (Individual Perf.),3,"111,610"
Customer Practice,Bonus (Individual Perf.),4,"-66,538"
Customer Practice,Bonus (Individual Perf.),5,"138,638"
Customer Practice,Bonus (Individual Perf.),6,"72,421"
Customer Practice,Bonus (Individual Perf.),7,"54,358"
Customer Practice,Bonus (Individual Perf.),8,"76,235"
Customer Practice,Bonus (Individual Perf.),9,"56,209"
Customer Practice,Bonus (Individual Perf.),10,"78,266"
Customer Practice,Bonus (Individual Perf.),11,"70,891"
Customer Practice,Bonus (Individual Perf.),12,"73,348"
Customer Practice,Bonus (Signing),1,-230
Customer Practice,Bonus (Signing),2,12
Customer Practice,Bonus (Signing),3,303
Customer Practice,Bonus (Signing),5,315
Customer Practice,Bonus (Signing),6,109
Customer Practice,Bonus (Signing),7,109
Customer Practice,Bonus (Signing),8,170
Customer Practice,Bonus (Signing),9,170
Customer Practice,Bonus (Signing),10,170
Customer Practice,Bonus (Signing),12,474
Customer Practice,Fringe / Benefits,1,"73,781"
Customer Practice,Fringe / Benefits,2,"123,239"
Customer Practice,Fringe / Benefits,3,"118,569"
Customer Practice,Fringe / Benefits,4,"29,721"
Customer Practice,Fringe / Benefits,5,"75,988"
Customer Practice,Fringe / Benefits,6,"80,962"
Customer Practice,Fringe / Benefits,7,"84,122"
Customer Practice,Fringe / Benefits,8,"85,208"
Customer Practice,Fringe / Benefits,9,"173,792"
Customer Practice,Fringe / Benefits,10,"38,524"
Customer Practice,Fringe / Benefits,11,"76,426"
Customer Practice,Fringe / Benefits,12,"61,749"
Customer Practice,Other Compensation,3,"172,347"
Customer Practice,Other Compensation,4,"-65,359"
Customer Practice,Other Compensation,5,"-7,940"
Customer Practice,Other Compensation,6,"-3,373"
Customer Practice,Other Compensation,7,-486
Customer Practice,Other Compensation,8,"9,125"
Customer Practice,Other Compensation,9,"48,054"
Customer Practice,Other Compensation,10,0
Customer Practice,Other Compensation,11,0
Customer Practice,Other Compensation,12,0
Customer Practice,Salary,1,"304,339"
Customer Practice,Salary,2,"299,002"
Customer Practice,Salary,3,"333,860"
Customer Practice,Salary,4,"270,928"
Customer Practice,Salary,5,"312,151"
Customer Practice,Salary,6,"281,008"
Customer Practice,Salary,7,"269,363"
Customer Practice,Salary,8,"266,904"
Customer Practice,Salary,9,"251,460"
Customer Practice,Salary,10,"263,286"
Customer Practice,Salary,11,"246,693"
Customer Practice,Salary,12,"292,165"
ENR Practice,Bonus (Firm Perf.),1,"5,459"
ENR Practice,Bonus (Firm Perf.),2,"5,481"
ENR Practice,Bonus (Firm Perf.),3,"-14,048"
ENR Practice,Bonus (Firm Perf.),4,"15,779"
ENR Practice,Bonus (Firm Perf.),5,"6,107"
ENR Practice,Bonus (Firm Perf.),6,"-13,191"
ENR Practice,Bonus (Firm Perf.),7,"17,474"
ENR Practice,Bonus (Firm Perf.),8,"6,185"
ENR Practice,Bonus (Firm Perf.),9,"5,911"
ENR Practice,Bonus (Firm Perf.),10,"6,790"
ENR Practice,Bonus (Firm Perf.),11,"6,508"
ENR Practice,Bonus (Firm Perf.),12,"6,887"
ENR Practice,Bonus (Individual Perf.),1,"46,902"
ENR Practice,Bonus (Individual Perf.),2,"26,471"
ENR Practice,Bonus (Individual Perf.),3,"81,645"
ENR Practice,Bonus (Individual Perf.),4,"-46,807"
ENR Practice,Bonus (Individual Perf.),5,"49,223"
ENR Practice,Bonus (Individual Perf.),6,"129,226"
ENR Practice,Bonus (Individual Perf.),7,"27,043"
ENR Practice,Bonus (Individual Perf.),8,"45,676"
ENR Practice,Bonus (Individual Perf.),9,"44,848"
ENR Practice,Bonus (Individual Perf.),10,"53,481"
ENR Practice,Bonus (Individual Perf.),11,"45,727"
ENR Practice,Bonus (Individual Perf.),12,"54,949"
ENR Practice,Bonus (Signing),12,190
ENR Practice,Fringe / Benefits,1,"37,452"
ENR Practice,Fringe / Benefits,2,"69,662"
ENR Practice,Fringe / Benefits,3,"85,129"
ENR Practice,Fringe / Benefits,4,"23,237"
ENR Practice,Fringe / Benefits,5,"70,606"
ENR Practice,Fringe / Benefits,6,"70,685"
ENR Practice,Fringe / Benefits,7,"50,838"
ENR Practice,Fringe / Benefits,8,"25,088"
ENR Practice,Fringe / Benefits,9,"113,520"
ENR Practice,Fringe / Benefits,10,"59,875"
ENR Practice,Fringe / Benefits,11,"59,860"
ENR Practice,Fringe / Benefits,12,"59,454"
ENR Practice,Other Compensation,3,"243,495"
ENR Practice,Other Compensation,4,"-31,163"
ENR Practice,Other Compensation,5,"-21,963"
ENR Practice,Other Compensation,6,"-1,871"
ENR Practice,Other Compensation,7,"-8,538"
ENR Practice,Other Compensation,8,"-8,538"
ENR Practice,Other Compensation,9,0
ENR Practice,Other Compensation,10,"-16,801"
ENR Practice,Other Compensation,11,"-3,856"
ENR Practice,Other Compensation,12,0
ENR Practice,Salary,1,"172,781"
ENR Practice,Salary,2,"173,543"
ENR Practice,Salary,3,"210,189"
ENR Practice,Salary,4,"140,456"
ENR Practice,Salary,5,"198,858"
ENR Practice,Salary,6,"140,633"
ENR Practice,Salary,7,"143,206"
ENR Practice,Salary,8,"142,996"
ENR Practice,Salary,9,"124,244"
ENR Practice,Salary,10,"147,111"
ENR Practice,Salary,11,"142,473"
ENR Practice,Salary,12,"175,854"
ET Practice,Bonus (Firm Perf.),1,"4,080"
ET Practice,Bonus (Firm Perf.),2,"3,145"
ET Practice,Bonus (Firm Perf.),3,"-10,304"
ET Practice,Bonus (Firm Perf.),4,"5,469"
ET Practice,Bonus (Firm Perf.),5,"3,914"
ET Practice,Bonus (Firm Perf.),6,"-5,318"
ET Practice,Bonus (Firm Perf.),7,"9,934"
ET Practice,Bonus (Firm Perf.),8,"4,581"
ET Practice,Bonus (Firm Perf.),9,"4,417"
ET Practice,Bonus (Firm Perf.),10,"5,886"
ET Practice,Bonus (Firm Perf.),11,"4,714"
ET Practice,Bonus (Firm Perf.),12,"4,888"
ET Practice,Bonus (Individual Perf.),1,"34,943"
ET Practice,Bonus (Individual Perf.),2,128
ET Practice,Bonus (Individual Perf.),3,"33,651"
ET Practice,Bonus (Individual Perf.),4,"34,264"
ET Practice,Bonus (Individual Perf.),5,"35,217"
ET Practice,Bonus (Individual Perf.),6,"45,258"
ET Practice,Bonus (Individual Perf.),7,"35,937"
ET Practice,Bonus (Individual Perf.),8,"38,809"
ET Practice,Bonus (Individual Perf.),9,"60,473"
ET Practice,Bonus (Individual Perf.),10,"44,016"
ET Practice,Bonus (Individual Perf.),11,"38,308"
ET Practice,Bonus (Individual Perf.),12,"40,674"
ET Practice,Bonus (Signing),1,24
ET Practice,Bonus (Signing),2,24
ET Practice,Bonus (Signing),5,12
ET Practice,Bonus (Signing),6,12
ET Practice,Bonus (Signing),7,12
ET Practice,Bonus (Signing),8,24
ET Practice,Bonus (Signing),9,24
ET Practice,Bonus (Signing),10,24
ET Practice,Bonus (Signing),12,237
ET Practice,Fringe / Benefits,1,"79,238"
ET Practice,Fringe / Benefits,2,"-10,437"
ET Practice,Fringe / Benefits,3,"65,794"
ET Practice,Fringe / Benefits,4,"31,331"
ET Practice,Fringe / Benefits,5,"31,355"
ET Practice,Fringe / Benefits,6,"45,223"
ET Practice,Fringe / Benefits,7,"34,986"
ET Practice,Fringe / Benefits,8,"23,880"
ET Practice,Fringe / Benefits,9,"115,467"
ET Practice,Fringe / Benefits,10,"48,956"
ET Practice,Fringe / Benefits,11,"37,612"
ET Practice,Fringe / Benefits,12,"36,811"
ET Practice,Other Compensation,3,"115,794"
ET Practice,Other Compensation,4,"3,933"
ET Practice,Other Compensation,5,"1,060"
ET Practice,Other Compensation,6,"-39,108"
ET Practice,Other Compensation,7,"-12,123"
ET Practice,Other Compensation,8,"-12,123"
ET Practice,Other Compensation,9,0
ET Practice,Other Compensation,10,"-2,738"
ET Practice,Salary,1,"130,414"
ET Practice,Salary,2,"126,557"
ET Practice,Salary,3,"135,202"
ET Practice,Salary,4,"141,220"
ET Practice,Salary,5,"136,032"
ET Practice,Salary,6,"140,196"
ET Practice,Salary,7,"139,219"
ET Practice,Salary,8,"140,096"
ET Practice,Salary,9,"117,938"
ET Practice,Salary,10,"141,814"
ET Practice,Salary,11,"134,730"
ET Practice,Salary,12,"137,471"
FS Practice,Bonus (Firm Perf.),1,"6,652"
FS Practice,Bonus (Firm Perf.),2,"7,012"
FS Practice,Bonus (Firm Perf.),3,"-14,954"
FS Practice,Bonus (Firm Perf.),4,"8,479"
FS Practice,Bonus (Firm Perf.),5,"7,566"
FS Practice,Bonus (Firm Perf.),6,"9,180"
FS Practice,Bonus (Firm Perf.),7,"9,952"
FS Practice,Bonus (Firm Perf.),8,"8,383"
FS Practice,Bonus (Firm Perf.),9,"5,522"
FS Practice,Bonus (Firm Perf.),10,"6,883"
FS Practice,Bonus (Firm Perf.),11,"7,623"
FS Practice,Bonus (Firm Perf.),12,"8,300"
FS Practice,Bonus (Individual Perf.),1,"50,890"
FS Practice,Bonus (Individual Perf.),2,"53,435"
FS Practice,Bonus (Individual Perf.),3,"16,243"
FS Practice,Bonus (Individual Perf.),4,"56,906"
FS Practice,Bonus (Individual Perf.),5,"78,441"
FS Practice,Bonus (Individual Perf.),6,"65,419"
FS Practice,Bonus (Individual Perf.),7,"66,692"
FS Practice,Bonus (Individual Perf.),8,"58,538"
FS Practice,Bonus (Individual Perf.),9,"38,968"
FS Practice,Bonus (Individual Perf.),10,"48,063"
FS Practice,Bonus (Individual Perf.),11,"44,102"
FS Practice,Bonus (Individual Perf.),12,"88,728"
FS Practice,Bonus (Signing),3,145
FS Practice,Bonus (Signing),5,194
FS Practice,Bonus (Signing),6,97
FS Practice,Bonus (Signing),7,97
FS Practice,Bonus (Signing),8,97
FS Practice,Bonus (Signing),9,97
FS Practice,Bonus (Signing),10,97
FS Practice,Bonus (Signing),12,759
FS Practice,Fringe / Benefits,1,"-12,565"
FS Practice,Fringe / Benefits,2,"60,936"
FS Practice,Fringe / Benefits,3,"45,031"
FS Practice,Fringe / Benefits,4,"57,734"
FS Practice,Fringe / Benefits,5,"43,760"
FS Practice,Fringe / Benefits,6,"57,011"
FS Practice,Fringe / Benefits,7,"47,393"
FS Practice,Fringe / Benefits,8,"20,103"
FS Practice,Fringe / Benefits,9,"161,820"
FS Practice,Fringe / Benefits,10,"6,719"
FS Practice,Fringe / Benefits,11,"42,610"
FS Practice,Fringe / Benefits,12,"35,508"
FS Practice,Other Compensation,3,"104,300"
FS Practice,Other Compensation,4,"127,646"
FS Practice,Other Compensation,5,"-16,074"
FS Practice,Other Compensation,6,"-15,416"
FS Practice,Other Compensation,7,"-24,988"
FS Practice,Other Compensation,8,"-26,886"
FS Practice,Other Compensation,9,"-28,086"
FS Practice,Other Compensation,10,"-56,904"
FS Practice,Salary,1,"196,615"
FS Practice,Salary,2,"197,613"
FS Practice,Salary,3,"196,488"
FS Practice,Salary,4,"201,602"
FS Practice,Salary,5,"204,022"
FS Practice,Salary,6,"192,067"
FS Practice,Salary,7,"178,202"
FS Practice,Salary,8,"165,921"
FS Practice,Salary,9,"156,307"
FS Practice,Salary,10,"241,518"
FS Practice,Salary,11,"145,471"
FS Practice,Salary,12,"165,430"
Further Practice,Bonus (Firm Perf.),1,"8,132"
Further Practice,Bonus (Firm Perf.),2,"12,314"
Further Practice,Bonus (Firm Perf.),3,"-31,172"
Further Practice,Bonus (Firm Perf.),4,"9,261"
Further Practice,Bonus (Firm Perf.),5,"11,422"
Further Practice,Bonus (Firm Perf.),6,"-18,432"
Further Practice,Bonus (Firm Perf.),7,"12,144"
Further Practice,Bonus (Firm Perf.),8,"9,032"
Further Practice,Bonus (Firm Perf.),9,"9,557"
Further Practice,Bonus (Firm Perf.),10,"12,455"
Further Practice,Bonus (Firm Perf.),11,"9,199"
Further Practice,Bonus (Firm Perf.),12,"34,065"
Further Practice,Bonus (Individual Perf.),1,"61,284"
Further Practice,Bonus (Individual Perf.),2,"110,505"
Further Practice,Bonus (Individual Perf.),3,"-50,316"
Further Practice,Bonus (Individual Perf.),4,"-13,342"
Further Practice,Bonus (Individual Perf.),5,"61,044"
Further Practice,Bonus (Individual Perf.),6,"78,956"
Further Practice,Bonus (Individual Perf.),7,"59,098"
Further Practice,Bonus (Individual Perf.),8,"66,437"
Further Practice,Bonus (Individual Perf.),9,"130,301"
Further Practice,Bonus (Individual Perf.),10,"75,612"
Further Practice,Bonus (Individual Perf.),11,"66,948"
Further Practice,Bonus (Individual Perf.),12,"6,511"
Further Practice,Bonus (Signing),1,194
Further Practice,Bonus (Signing),2,388
Further Practice,Bonus (Signing),3,291
Further Practice,Bonus (Signing),5,388
Further Practice,Bonus (Signing),6,194
Further Practice,Bonus (Signing),7,194
Further Practice,Bonus (Signing),8,194
Further Practice,Bonus (Signing),9,194
Further Practice,Bonus (Signing),10,194
Further Practice,Bonus (Signing),12,569
Further Practice,Fringe / Benefits,1,"93,800"
Further Practice,Fringe / Benefits,2,"98,994"
Further Practice,Fringe / Benefits,3,"74,946"
Further Practice,Fringe / Benefits,4,"66,644"
Further Practice,Fringe / Benefits,5,"79,500"
Further Practice,Fringe / Benefits,6,"73,626"
Further Practice,Fringe / Benefits,7,"74,997"
Further Practice,Fringe / Benefits,8,"66,109"
Further Practice,Fringe / Benefits,9,"136,541"
Further Practice,Fringe / Benefits,10,"62,313"
Further Practice,Fringe / Benefits,11,"61,485"
Further Practice,Fringe / Benefits,12,"70,681"
Further Practice,Other Compensation,3,"133,236"
Further Practice,Other Compensation,4,0
Further Practice,Other Compensation,5,"-19,567"
Further Practice,Other Compensation,6,"9,419"
Further Practice,Other Compensation,7,"-12,541"
Further Practice,Other Compensation,8,"-7,804"
Further Practice,Other Compensation,11,"93,759"
Further Practice,Other Compensation,12,"-3,948"
Further Practice,Salary,1,"226,925"
Further Practice,Salary,2,"259,186"
Further Practice,Salary,3,"264,328"
Further Practice,Salary,4,"234,140"
Further Practice,Salary,5,"354,214"
Further Practice,Salary,6,"215,533"
Further Practice,Salary,7,"228,778"
Further Practice,Salary,8,"217,463"
Further Practice,Salary,9,"214,940"
Further Practice,Salary,10,"226,059"
Further Practice,Salary,11,"206,704"
Further Practice,Salary,12,"252,698"
HLS Practice,Bonus (Firm Perf.),1,"2,736"
HLS Practice,Bonus (Firm Perf.),2,"-1,591"
HLS Practice,Bonus (Firm Perf.),3,"-4,390"
HLS Practice,Bonus (Firm Perf.),4,"2,641"
HLS Practice,Bonus (Firm Perf.),5,"2,659"
HLS Practice,Bonus (Firm Perf.),6,"2,910"
HLS Practice,Bonus (Firm Perf.),7,"2,633"
HLS Practice,Bonus (Firm Perf.),8,"2,693"
HLS Practice,Bonus (Firm Perf.),9,"2,643"
HLS Practice,Bonus (Firm Perf.),10,"2,666"
HLS Practice,Bonus (Firm Perf.),11,"7,136"
HLS Practice,Bonus (Firm Perf.),12,"4,698"
HLS Practice,Bonus (Individual Perf.),1,"22,957"
HLS Practice,Bonus (Individual Perf.),2,"-13,328"
HLS Practice,Bonus (Individual Perf.),3,"12,995"
HLS Practice,Bonus (Individual Perf.),4,"23,926"
HLS Practice,Bonus (Individual Perf.),5,"24,317"
HLS Practice,Bonus (Individual Perf.),6,"26,829"
HLS Practice,Bonus (Individual Perf.),7,"21,088"
HLS Practice,Bonus (Individual Perf.),8,"32,933"
HLS Practice,Bonus (Individual Perf.),9,"22,535"
HLS Practice,Bonus (Individual Perf.),10,"24,588"
HLS Practice,Bonus (Individual Perf.),11,"22,649"
HLS Practice,Bonus (Individual Perf.),12,"70,360"
HLS Practice,Bonus (Signing),3,145
HLS Practice,Bonus (Signing),5,194
HLS Practice,Bonus (Signing),6,97
HLS Practice,Bonus (Signing),7,97
HLS Practice,Bonus (Signing),8,97
HLS Practice,Bonus (Signing),9,97
HLS Practice,Bonus (Signing),10,97
HLS Practice,Bonus (Signing),12,379
HLS Practice,Fringe / Benefits,1,"50,711"
HLS Practice,Fringe / Benefits,2,"24,182"
HLS Practice,Fringe / Benefits,3,"38,072"
HLS Practice,Fringe / Benefits,4,"38,692"
HLS Practice,Fringe / Benefits,5,"34,962"
HLS Practice,Fringe / Benefits,6,"39,335"
HLS Practice,Fringe / Benefits,7,"42,643"
HLS Practice,Fringe / Benefits,8,"3,819"
HLS Practice,Fringe / Benefits,9,"36,233"
HLS Practice,Fringe / Benefits,10,"32,762"
HLS Practice,Fringe / Benefits,11,"37,109"
HLS Practice,Fringe / Benefits,12,"14,032"
HLS Practice,Other Compensation,3,"48,729"
HLS Practice,Other Compensation,4,0
HLS Practice,Other Compensation,5,-14
HLS Practice,Other Compensation,6,404
HLS Practice,Other Compensation,7,"-1,118"
HLS Practice,Other Compensation,8,"-1,658"
HLS Practice,Other Compensation,9,"-2,153"
HLS Practice,Other Compensation,10,"-1,757"
HLS Practice,Salary,1,"121,855"
HLS Practice,Salary,2,"113,652"
HLS Practice,Salary,3,"108,029"
HLS Practice,Salary,4,"108,733"
HLS Practice,Salary,5,"116,311"
HLS Practice,Salary,6,"104,649"
HLS Practice,Salary,7,"101,979"
HLS Practice,Salary,8,"96,096"
HLS Practice,Salary,9,"99,444"
HLS Practice,Salary,10,"94,277"
HLS Practice,Salary,11,"114,411"
HLS Practice,Salary,12,"126,361"
M&A Practice,Bonus (Firm Perf.),1,"6,055"
M&A Practice,Bonus (Firm Perf.),2,"6,055"
M&A Practice,Bonus (Firm Perf.),3,"-13,213"
M&A Practice,Bonus (Firm Perf.),4,"6,286"
M&A Practice,Bonus (Firm Perf.),5,"5,757"
M&A Practice,Bonus (Firm Perf.),6,"-1,570"
M&A Practice,Bonus (Firm Perf.),7,"6,760"
M&A Practice,Bonus (Firm Perf.),8,"6,368"
M&A Practice,Bonus (Firm Perf.),9,"6,357"
M&A Practice,Bonus (Firm Perf.),10,"7,360"
M&A Practice,Bonus (Firm Perf.),11,"9,092"
M&A Practice,Bonus (Firm Perf.),12,"7,175"
M&A Practice,Bonus (Individual Perf.),1,"-9,393"
M&A Practice,Bonus (Individual Perf.),2,"93,353"
M&A Practice,Bonus (Individual Perf.),3,"40,381"
M&A Practice,Bonus (Individual Perf.),4,"42,184"
M&A Practice,Bonus (Individual Perf.),5,"33,846"
M&A Practice,Bonus (Individual Perf.),6,"39,363"
M&A Practice,Bonus (Individual Perf.),7,"39,325"
M&A Practice,Bonus (Individual Perf.),8,"38,075"
M&A Practice,Bonus (Individual Perf.),9,"38,929"
M&A Practice,Bonus (Individual Perf.),10,"54,212"
M&A Practice,Bonus (Individual Perf.),11,"45,502"
M&A Practice,Bonus (Individual Perf.),12,"44,012"
M&A Practice,Bonus (Signing),1,97
M&A Practice,Bonus (Signing),2,194
M&A Practice,Bonus (Signing),3,145
M&A Practice,Bonus (Signing),5,194
M&A Practice,Bonus (Signing),6,97
M&A Practice,Bonus (Signing),7,97
M&A Practice,Bonus (Signing),8,97
M&A Practice,Bonus (Signing),9,97
M&A Practice,Bonus (Signing),10,97
M&A Practice,Bonus (Signing),12,"5,040"
M&A Practice,Fringe / Benefits,1,"56,938"
M&A Practice,Fringe / Benefits,2,"64,444"
M&A Practice,Fringe / Benefits,3,"55,747"
M&A Practice,Fringe / Benefits,4,"31,673"
M&A Practice,Fringe / Benefits,5,"34,062"
M&A Practice,Fringe / Benefits,6,"32,378"
M&A Practice,Fringe / Benefits,7,"33,949"
M&A Practice,Fringe / Benefits,8,"13,252"
M&A Practice,Fringe / Benefits,9,"36,392"
M&A Practice,Fringe / Benefits,10,"29,899"
M&A Practice,Fringe / Benefits,11,"32,793"
M&A Practice,Fringe / Benefits,12,"36,186"
M&A Practice,Other Compensation,3,"85,328"
M&A Practice,Other Compensation,4,"-26,001"
M&A Practice,Other Compensation,5,"-11,233"
M&A Practice,Other Compensation,6,"11,628"
M&A Practice,Other Compensation,7,-32
M&A Practice,Other Compensation,8,"-42,895"
M&A Practice,Salary,1,"137,549"
M&A Practice,Salary,2,"128,517"
M&A Practice,Salary,3,"150,168"
M&A Practice,Salary,4,"134,094"
M&A Practice,Salary,5,"137,153"
M&A Practice,Salary,6,"121,483"
M&A Practice,Salary,7,"120,757"
M&A Practice,Salary,8,"160,237"
M&A Practice,Salary,9,"113,691"
M&A Practice,Salary,10,"118,611"
M&A Practice,Salary,11,"120,904"
M&A Practice,Salary,12,"140,326"
Organization Practice,Bonus (Firm Perf.),1,"1,641"
Organization Practice,Bonus (Firm Perf.),2,"6,133"
Organization Practice,Bonus (Firm Perf.),3,"-14,550"
Organization Practice,Bonus (Firm Perf.),4,"6,020"
Organization Practice,Bonus (Firm Perf.),5,"3,410"
Organization Practice,Bonus (Firm Perf.),6,403
Organization Practice,Bonus (Firm Perf.),7,"12,188"
Organization Practice,Bonus (Firm Perf.),8,"6,841"
Organization Practice,Bonus (Firm Perf.),9,"6,716"
Organization Practice,Bonus (Firm Perf.),10,"6,479"
Organization Practice,Bonus (Firm Perf.),11,"6,405"
Organization Practice,Bonus (Firm Perf.),12,"10,058"
Organization Practice,Bonus (Individual Perf.),1,"6,628"
Organization Practice,Bonus (Individual Perf.),2,"38,863"
Organization Practice,Bonus (Individual Perf.),3,"-62,501"
Organization Practice,Bonus (Individual Perf.),4,"11,335"
Organization Practice,Bonus (Individual Perf.),5,"-48,070"
Organization Practice,Bonus (Individual Perf.),6,"43,453"
Organization Practice,Bonus (Individual Perf.),7,"39,224"
Organization Practice,Bonus (Individual Perf.),8,"43,164"
Organization Practice,Bonus (Individual Perf.),9,"86,826"
Organization Practice,Bonus (Individual Perf.),10,"44,793"
Organization Practice,Bonus (Individual Perf.),11,"55,289"
Organization Practice,Bonus (Individual Perf.),12,"60,131"
Organization Practice,Bonus (Signing),1,97
Organization Practice,Bonus (Signing),2,194
Organization Practice,Bonus (Signing),3,145
Organization Practice,Bonus (Signing),5,"4,997"
Organization Practice,Bonus (Signing),6,97
Organization Practice,Bonus (Signing),7,97
Organization Practice,Bonus (Signing),8,109
Organization Practice,Bonus (Signing),9,109
Organization Practice,Bonus (Signing),10,109
Organization Practice,Bonus (Signing),12,213
Organization Practice,Fringe / Benefits,1,"19,612"
Organization Practice,Fringe / Benefits,2,"38,791"
Organization Practice,Fringe / Benefits,3,"11,030"
Organization Practice,Fringe / Benefits,4,"22,041"
Organization Practice,Fringe / Benefits,5,"18,634"
Organization Practice,Fringe / Benefits,6,"24,617"
Organization Practice,Fringe / Benefits,7,"34,521"
Organization Practice,Fringe / Benefits,8,"20,049"
Organization Practice,Fringe / Benefits,9,"43,509"
Organization Practice,Fringe / Benefits,10,"37,103"
Organization Practice,Fringe / Benefits,11,"26,686"
Organization Practice,Fringe / Benefits,12,"27,215"
Organization Practice,Other Compensation,3,"16,425"
Organization Practice,Other Compensation,4,0
Organization Practice,Other Compensation,5,-37
Organization Practice,Salary,1,"105,699"
Organization Practice,Salary,2,"102,489"
Organization Practice,Salary,3,"114,513"
Organization Practice,Salary,4,"96,353"
Organization Practice,Salary,5,"121,803"
Organization Practice,Salary,6,"110,982"
Organization Practice,Salary,7,"110,166"
Organization Practice,Salary,8,"110,512"
Organization Practice,Salary,9,"110,816"
Organization Practice,Salary,10,"126,746"
Organization Practice,Salary,11,"115,943"
Organization Practice,Salary,12,"138,505"
PEG Practice,Bonus (Firm Perf.),1,"25,951"
PEG Practice,Bonus (Firm Perf.),2,"20,947"
PEG Practice,Bonus (Firm Perf.),3,"-44,801"
PEG Practice,Bonus (Firm Perf.),4,"29,515"
PEG Practice,Bonus (Firm Perf.),5,"40,557"
PEG Practice,Bonus (Firm Perf.),6,"6,833"
PEG Practice,Bonus (Firm Perf.),7,"51,105"
PEG Practice,Bonus (Firm Perf.),8,"29,054"
PEG Practice,Bonus (Firm Perf.),9,"11,582"
PEG Practice,Bonus (Firm Perf.),10,"34,969"
PEG Practice,Bonus (Firm Perf.),11,"32,521"
PEG Practice,Bonus (Firm Perf.),12,"29,921"
PEG Practice,Bonus (Individual Perf.),1,"242,701"
PEG Practice,Bonus (Individual Perf.),2,"146,789"
PEG Practice,Bonus (Individual Perf.),3,"220,449"
PEG Practice,Bonus (Individual Perf.),4,"85,101"
PEG Practice,Bonus (Individual Perf.),5,"305,794"
PEG Practice,Bonus (Individual Perf.),6,"283,282"
PEG Practice,Bonus (Individual Perf.),7,"-136,338"
PEG Practice,Bonus (Individual Perf.),8,"245,688"
PEG Practice,Bonus (Individual Perf.),9,"152,457"
PEG Practice,Bonus (Individual Perf.),10,"282,029"
PEG Practice,Bonus (Individual Perf.),11,"261,088"
PEG Practice,Bonus (Individual Perf.),12,"254,758"
PEG Practice,Bonus (Signing),1,291
PEG Practice,Bonus (Signing),2,"6,871"
PEG Practice,Bonus (Signing),3,436
PEG Practice,Bonus (Signing),5,581
PEG Practice,Bonus (Signing),6,291
PEG Practice,Bonus (Signing),7,291
PEG Practice,Bonus (Signing),8,291
PEG Practice,Bonus (Signing),9,291
PEG Practice,Bonus (Signing),10,"13,739"
PEG Practice,Bonus (Signing),12,948
PEG Practice,Fringe / Benefits,1,"297,403"
PEG Practice,Fringe / Benefits,2,"204,128"
PEG Practice,Fringe / Benefits,3,"205,151"
PEG Practice,Fringe / Benefits,4,"53,462"
PEG Practice,Fringe / Benefits,5,"197,801"
PEG Practice,Fringe / Benefits,6,"168,027"
PEG Practice,Fringe / Benefits,7,"157,090"
PEG Practice,Fringe / Benefits,8,"81,015"
PEG Practice,Fringe / Benefits,9,"280,249"
PEG Practice,Fringe / Benefits,10,"177,238"
PEG Practice,Fringe / Benefits,11,"159,369"
PEG Practice,Fringe / Benefits,12,"170,710"
PEG Practice,Other Compensation,3,"276,068"
PEG Practice,Other Compensation,4,"-9,298"
PEG Practice,Other Compensation,5,"-6,724"
PEG Practice,Other Compensation,6,"-28,388"
PEG Practice,Other Compensation,7,"-8,740"
PEG Practice,Other Compensation,8,"-20,810"
PEG Practice,Other Compensation,9,"-21,595"
PEG Practice,Other Compensation,10,-655
PEG Practice,Other Compensation,11,"1,229"
PEG Practice,Other Compensation,12,-574
PEG Practice,Salary,1,"560,215"
PEG Practice,Salary,2,"572,322"
PEG Practice,Salary,3,"572,457"
PEG Practice,Salary,4,"588,360"
PEG Practice,Salary,5,"641,877"
PEG Practice,Salary,6,"593,494"
PEG Practice,Salary,7,"600,150"
PEG Practice,Salary,8,"511,707"
PEG Practice,Salary,9,"541,137"
PEG Practice,Salary,10,"570,387"
PEG Practice,Salary,11,"557,597"
PEG Practice,Salary,12,"623,360"
PI Practice,Bonus (Firm Perf.),1,"18,575"
PI Practice,Bonus (Firm Perf.),2,"18,687"
PI Practice,Bonus (Firm Perf.),3,"-31,743"
PI Practice,Bonus (Firm Perf.),4,"22,164"
PI Practice,Bonus (Firm Perf.),5,"17,695"
PI Practice,Bonus (Firm Perf.),6,"7,335"
PI Practice,Bonus (Firm Perf.),7,"12,786"
PI Practice,Bonus (Firm Perf.),8,"21,362"
PI Practice,Bonus (Firm Perf.),9,"25,095"
PI Practice,Bonus (Firm Perf.),10,"27,137"
PI Practice,Bonus (Firm Perf.),11,"27,024"
PI Practice,Bonus (Firm Perf.),12,"37,560"
PI Practice,Bonus (Individual Perf.),1,"153,417"
PI Practice,Bonus (Individual Perf.),2,"152,187"
PI Practice,Bonus (Individual Perf.),3,"190,664"
PI Practice,Bonus (Individual Perf.),4,"36,347"
PI Practice,Bonus (Individual Perf.),5,"162,348"
PI Practice,Bonus (Individual Perf.),6,"162,697"
PI Practice,Bonus (Individual Perf.),7,"79,546"
PI Practice,Bonus (Individual Perf.),8,"127,205"
PI Practice,Bonus (Individual Perf.),9,"282,343"
PI Practice,Bonus (Individual Perf.),10,"131,751"
PI Practice,Bonus (Individual Perf.),11,"132,322"
PI Practice,Bonus (Individual Perf.),12,"145,992"
PI Practice,Bonus (Signing),3,436
PI Practice,Bonus (Signing),5,581
PI Practice,Bonus (Signing),6,291
PI Practice,Bonus (Signing),7,291
PI Practice,Bonus (Signing),8,327
PI Practice,Bonus (Signing),9,327
PI Practice,Bonus (Signing),10,969
PI Practice,Bonus (Signing),11,630
PI Practice,Bonus (Signing),12,"1,650"
PI Practice,Fringe / Benefits,1,"160,063"
PI Practice,Fringe / Benefits,2,"170,354"
PI Practice,Fringe / Benefits,3,"153,426"
PI Practice,Fringe / Benefits,4,"129,561"
PI Practice,Fringe / Benefits,5,"109,902"
PI Practice,Fringe / Benefits,6,"112,464"
PI Practice,Fringe / Benefits,7,"94,627"
PI Practice,Fringe / Benefits,8,"49,879"
PI Practice,Fringe / Benefits,9,"215,779"
PI Practice,Fringe / Benefits,10,"51,782"
PI Practice,Fringe / Benefits,11,"96,383"
PI Practice,Fringe / Benefits,12,"139,759"
PI Practice,Other Compensation,3,"246,937"
PI Practice,Other Compensation,4,"181,528"
PI Practice,Other Compensation,5,"-67,117"
PI Practice,Other Compensation,6,"8,550"
PI Practice,Other Compensation,7,"-219,214"
PI Practice,Other Compensation,8,"-11,677"
PI Practice,Other Compensation,9,"-4,502"
PI Practice,Other Compensation,12,257
PI Practice,Salary,1,"380,091"
PI Practice,Salary,2,"488,313"
PI Practice,Salary,3,"512,091"
PI Practice,Salary,4,"567,289"
PI Practice,Salary,5,"536,110"
PI Practice,Salary,6,"511,111"
PI Practice,Salary,7,"662,802"
PI Practice,Salary,8,"432,207"
PI Practice,Salary,9,"323,324"
PI Practice,Salary,10,"434,450"
PI Practice,Salary,11,"400,298"
PI Practice,Salary,12,"479,119"
Retail Practice,Bonus (Firm Perf.),1,"6,330"
Retail Practice,Bonus (Firm Perf.),2,"5,596"
Retail Practice,Bonus (Firm Perf.),3,"-12,091"
Retail Practice,Bonus (Firm Perf.),4,"6,099"
Retail Practice,Bonus (Firm Perf.),5,"10,337"
Retail Practice,Bonus (Firm Perf.),6,"-24,284"
Retail Practice,Bonus (Firm Perf.),7,"9,932"
Retail Practice,Bonus (Firm Perf.),8,"7,567"
Retail Practice,Bonus (Firm Perf.),9,"7,155"
Retail Practice,Bonus (Firm Perf.),10,"10,978"
Retail Practice,Bonus (Firm Perf.),11,"7,832"
Retail Practice,Bonus (Firm Perf.),12,"63,157"
Retail Practice,Bonus (Individual Perf.),1,"-7,006"
Retail Practice,Bonus (Individual Perf.),2,"106,368"
Retail Practice,Bonus (Individual Perf.),3,"136,361"
Retail Practice,Bonus (Individual Perf.),4,"-82,401"
Retail Practice,Bonus (Individual Perf.),5,"53,910"
Retail Practice,Bonus (Individual Perf.),6,"102,544"
Retail Practice,Bonus (Individual Perf.),7,"55,814"
Retail Practice,Bonus (Individual Perf.),8,"58,752"
Retail Practice,Bonus (Individual Perf.),9,"140,299"
Retail Practice,Bonus (Individual Perf.),10,"62,846"
Retail Practice,Bonus (Individual Perf.),11,"48,384"
Retail Practice,Bonus (Individual Perf.),12,"54,825"
Retail Practice,Bonus (Signing),1,24
Retail Practice,Bonus (Signing),2,24
Retail Practice,Bonus (Signing),5,73
Retail Practice,Bonus (Signing),6,73
Retail Practice,Bonus (Signing),7,73
Retail Practice,Bonus (Signing),8,73
Retail Practice,Bonus (Signing),9,73
Retail Practice,Bonus (Signing),10,73
Retail Practice,Bonus (Signing),12,121
Retail Practice,Fringe / Benefits,1,"79,626"
Retail Practice,Fringe / Benefits,2,"91,653"
Retail Practice,Fringe / Benefits,3,"87,089"
Retail Practice,Fringe / Benefits,4,"70,607"
Retail Practice,Fringe / Benefits,5,"66,683"
Retail Practice,Fringe / Benefits,6,"78,804"
Retail Practice,Fringe / Benefits,7,"87,087"
Retail Practice,Fringe / Benefits,8,"67,947"
Retail Practice,Fringe / Benefits,9,"126,536"
Retail Practice,Fringe / Benefits,10,"80,525"
Retail Practice,Fringe / Benefits,11,"81,178"
Retail Practice,Fringe / Benefits,12,"79,641"
Retail Practice,Other Compensation,3,"136,795"
Retail Practice,Other Compensation,4,"-23,365"
Retail Practice,Other Compensation,5,"-5,880"
Retail Practice,Other Compensation,6,"-26,819"
Retail Practice,Overtime,1,52
Retail Practice,Overtime,2,3
Retail Practice,Salary,1,"177,914"
Retail Practice,Salary,2,"170,061"
Retail Practice,Salary,3,"175,910"
Retail Practice,Salary,4,"172,615"
Retail Practice,Salary,5,"186,658"
Retail Practice,Salary,6,"193,275"
Retail Practice,Salary,7,"171,848"
Retail Practice,Salary,8,"187,981"
Retail Practice,Salary,9,"171,696"
Retail Practice,Salary,10,"183,160"
Retail Practice,Salary,11,"178,331"
Retail Practice,Salary,12,"194,969"
S&T Practice,Bonus (Firm Perf.),1,"19,177"
S&T Practice,Bonus (Firm Perf.),2,"54,328"
S&T Practice,Bonus (Firm Perf.),3,"-65,982"
S&T Practice,Bonus (Firm Perf.),4,"23,290"
S&T Practice,Bonus (Firm Perf.),5,"21,696"
S&T Practice,Bonus (Firm Perf.),6,"23,740"
S&T Practice,Bonus (Firm Perf.),7,"24,455"
S&T Practice,Bonus (Firm Perf.),8,"24,613"
S&T Practice,Bonus (Firm Perf.),9,"24,412"
S&T Practice,Bonus (Firm Perf.),10,"25,940"
S&T Practice,Bonus (Firm Perf.),11,"25,801"
S&T Practice,Bonus (Firm Perf.),12,"25,984"
S&T Practice,Bonus (Individual Perf.),1,"148,548"
S&T Practice,Bonus (Individual Perf.),2,"345,274"
S&T Practice,Bonus (Individual Perf.),3,"34,573"
S&T Practice,Bonus (Individual Perf.),4,"90,180"
S&T Practice,Bonus (Individual Perf.),5,"100,774"
S&T Practice,Bonus (Individual Perf.),6,"199,785"
S&T Practice,Bonus (Individual Perf.),7,"148,526"
S&T Practice,Bonus (Individual Perf.),8,"165,441"
S&T Practice,Bonus (Individual Perf.),9,"261,523"
S&T Practice,Bonus (Individual Perf.),10,"166,411"
S&T Practice,Bonus (Individual Perf.),11,"141,890"
S&T Practice,Bonus (Individual Perf.),12,"176,620"
S&T Practice,Bonus (Signing),1,24
S&T Practice,Bonus (Signing),2,24
S&T Practice,Bonus (Signing),5,24
S&T Practice,Bonus (Signing),6,24
S&T Practice,Bonus (Signing),7,24
S&T Practice,Bonus (Signing),8,24
S&T Practice,Bonus (Signing),9,24
S&T Practice,Bonus (Signing),10,24
S&T Practice,Bonus (Signing),12,427
S&T Practice,Fringe / Benefits,1,"117,492"
S&T Practice,Fringe / Benefits,2,"272,020"
S&T Practice,Fringe / Benefits,3,"205,538"
S&T Practice,Fringe / Benefits,4,"133,897"
S&T Practice,Fringe / Benefits,5,"141,996"
S&T Practice,Fringe / Benefits,6,"108,517"
S&T Practice,Fringe / Benefits,7,"108,152"
S&T Practice,Fringe / Benefits,8,"75,913"
S&T Practice,Fringe / Benefits,9,"294,702"
S&T Practice,Fringe / Benefits,10,"124,189"
S&T Practice,Fringe / Benefits,11,"92,730"
S&T Practice,Fringe / Benefits,12,"135,464"
S&T Practice,Other Compensation,3,"537,392"
S&T Practice,Other Compensation,4,"-33,747"
S&T Practice,Other Compensation,5,"10,548"
S&T Practice,Other Compensation,6,"24,357"
S&T Practice,Other Compensation,7,"-194,107"
S&T Practice,Other Compensation,8,"-12,187"
S&T Practice,Other Compensation,9,-41
S&T Practice,Other Compensation,10,"-24,860"
S&T Practice,Other Compensation,11,"-12,226"
S&T Practice,Other Compensation,12,"-10,189"
S&T Practice,Salary,1,"503,052"
S&T Practice,Salary,2,"530,359"
S&T Practice,Salary,3,"580,323"
S&T Practice,Salary,4,"515,044"
S&T Practice,Salary,5,"509,867"
S&T Practice,Salary,6,"543,191"
S&T Practice,Salary,7,"525,913"
S&T Practice,Salary,8,"435,828"
S&T Practice,Salary,9,"389,996"
S&T Practice,Salary,10,"451,542"
S&T Practice,Salary,11,"448,196"
S&T Practice,Salary,12,"472,243"
TMT Practice,Bonus (Firm Perf.),1,"-4,080"
TMT Practice,Bonus (Firm Perf.),2,"5,814"
TMT Practice,Bonus (Firm Perf.),3,"-14,745"
TMT Practice,Bonus (Firm Perf.),4,"7,276"
TMT Practice,Bonus (Firm Perf.),5,"6,148"
TMT Practice,Bonus (Firm Perf.),6,"6,224"
TMT Practice,Bonus (Firm Perf.),7,"4,801"
TMT Practice,Bonus (Firm Perf.),8,"10,442"
TMT Practice,Bonus (Firm Perf.),9,"6,906"
TMT Practice,Bonus (Firm Perf.),10,"6,804"
TMT Practice,Bonus (Firm Perf.),11,"6,940"
TMT Practice,Bonus (Firm Perf.),12,"7,026"
TMT Practice,Bonus (Individual Perf.),1,"-64,767"
TMT Practice,Bonus (Individual Perf.),2,"99,355"
TMT Practice,Bonus (Individual Perf.),3,"15,158"
TMT Practice,Bonus (Individual Perf.),4,"40,016"
TMT Practice,Bonus (Individual Perf.),5,"95,214"
TMT Practice,Bonus (Individual Perf.),6,"53,408"
TMT Practice,Bonus (Individual Perf.),7,"50,534"
TMT Practice,Bonus (Individual Perf.),8,"64,399"
TMT Practice,Bonus (Individual Perf.),9,"46,491"
TMT Practice,Bonus (Individual Perf.),10,"49,643"
TMT Practice,Bonus (Individual Perf.),11,"44,448"
TMT Practice,Bonus (Individual Perf.),12,"52,631"
TMT Practice,Bonus (Signing),1,206
TMT Practice,Bonus (Signing),2,400
TMT Practice,Bonus (Signing),3,303
TMT Practice,Bonus (Signing),5,24
TMT Practice,Bonus (Signing),6,109
TMT Practice,Bonus (Signing),7,109
TMT Practice,Bonus (Signing),8,121
TMT Practice,Bonus (Signing),9,121
TMT Practice,Bonus (Signing),10,121
TMT Practice,Bonus (Signing),12,427
TMT Practice,Fringe / Benefits,1,"41,690"
TMT Practice,Fringe / Benefits,2,"76,808"
TMT Practice,Fringe / Benefits,3,"82,278"
TMT Practice,Fringe / Benefits,4,"57,030"
TMT Practice,Fringe / Benefits,5,"68,047"
TMT Practice,Fringe / Benefits,6,"41,457"
TMT Practice,Fringe / Benefits,7,"46,231"
TMT Practice,Fringe / Benefits,8,"39,967"
TMT Practice,Fringe / Benefits,9,"98,876"
TMT Practice,Fringe / Benefits,10,"46,873"
TMT Practice,Fringe / Benefits,11,"37,833"
TMT Practice,Fringe / Benefits,12,"40,782"
TMT Practice,Other Compensation,3,"162,369"
TMT Practice,Other Compensation,4,"3,890"
TMT Practice,Other Compensation,5,-533
TMT Practice,Other Compensation,6,"-42,770"
TMT Practice,Other Compensation,7,"-16,679"
TMT Practice,Other Compensation,8,"-13,220"
TMT Practice,Other Compensation,9,"7,800"
TMT Practice,Other Compensation,10,"-12,826"
TMT Practice,Salary,1,"181,698"
TMT Practice,Salary,2,"182,234"
TMT Practice,Salary,3,"181,480"
TMT Practice,Salary,4,"158,163"
TMT Practice,Salary,5,"195,685"
TMT Practice,Salary,6,"180,950"
TMT Practice,Salary,7,"188,960"
TMT Practice,Salary,8,"169,099"
TMT Practice,Salary,9,"162,590"
TMT Practice,Salary,10,"163,396"
TMT Practice,Salary,11,"142,675"
TMT Practice,Salary,12,"185,386"
